total_cycles,user_cycles,segments,depth,pure_prove_duration,children_count,parent_count,descendants_count,receipt_size_kb,seal_size_kb,compression_duration,guest_io_read,guest_dependency_check,guest_severity_check,guest_merkle_io_read,guest_merkle_check,comp_name,cid
65536,27949,1,3,11691,0,1,0,216.087890625,216.017578125,0,11802,105,85,6137,443,pycparser,QmdXeFQXACPGeHB5Xj1XmDpLLbsKtvinYrM4iHYE7C5isJ
131072,47382,1,2,0,1,1,1,218.056640625,217.986328125,78054,17242,7337,85,11914,1280,cffi,QmV8rsE1LxLRXY6rsTitZ3kMWwkWRWGRoUBWF5brjmSb58
65536,27997,1,5,11041,0,10,0,216.087890625,216.017578125,0,11850,105,85,6137,443,typing-extensions,QmTt1E7QbztZJgDXbpKiWhRJAcibQUQfJGcLyxcQYoJ3Fr
131072,66531,1,1,0,2,1,3,218.056640625,217.986328125,91574,22610,14567,85,17627,2109,cryptography,QmfVVroqu5XGSycUzZwHvwADuUxUTYiwCWKgt1PdEBQRtt
131072,47582,1,2,0,1,1,1,218.056640625,217.986328125,76224,17442,7337,85,11914,1280,asgiref,QmdnGjyimqUjySySe6zGVvg7QQZobb3y6p6YSReSoPXxGz
65536,27982,1,2,11348,0,1,0,216.087890625,216.017578125,0,11835,105,85,6137,443,blinker,QmaUZuHKeCvR6WrvT9CWSwzQi7Q3cMDkk1XxpzuK5ZP7rX
65536,27767,1,4,11179,0,7,0,216.087890625,216.017578125,0,11620,105,85,6137,443,colorama,QmQ2TBaD2yjaYbQGQd4SQLgK3y7EQDJ4v8xkTcgcZcgYz5
131072,47372,1,3,0,1,3,1,218.056640625,217.986328125,74968,17219,7350,85,11914,1280,click,QmaW1v9VGPQVBYgNfSG5ASzL6ijAsM7ZKhB5RyCJcuXWsZ
65536,27809,1,2,11450,0,1,0,216.087890625,216.017578125,0,11662,105,85,6137,443,itsdangerous,QmXdV4q6DkKbPdSFRo2aM2CLUMxSzieEuvFyJVTUtEtHH9
65536,27981,1,5,11416,0,3,0,216.087890625,216.017578125,0,11834,105,85,6137,443,markupsafe,QmbsoPCT5qVg9d3WquPc5teshsComqnhqtMK9L6zKL6waA
131072,47562,1,4,0,1,3,1,218.056640625,217.986328125,75334,17422,7337,85,11914,1280,jinja2,QmcrbT21MM3mzJss7jbwir2bHj2Z9uzJNStzdUgmc9UYHb
65536,27786,1,2,11553,0,1,0,216.087890625,216.017578125,0,11639,105,85,6137,443,python-dotenv,QmaYYKniAhW5xryvRTJQ6feEbGXhQA1Gh95q6WwbLu3ygi
131072,47357,1,2,0,1,1,1,218.056640625,217.986328125,73540,17217,7337,85,11914,1280,werkzeug,QmevhPtcM3ujUESWTcRkWGSCavVEyfWYWrqs1Gh7gsdhkU
262144,156794,1,1,0,8,1,10,218.056640625,217.986328125,271000,56393,57947,85,29053,3767,flask,QmY5b1uHLx7YMA7KeRwhHLGQYsdQefpnsoXxspkZNaS4YH
131072,47579,1,4,0,1,2,1,218.056640625,217.986328125,73141,17439,7337,85,11914,1280,exceptiongroup,QmSREyPKe5sViiNyfzj6M7Mu6gqaNLt22cHm9UPZAtUM96
65536,27590,1,5,11200,0,3,0,216.087890625,216.017578125,0,11443,105,85,6137,443,idna,QmdjkNfZq4S9ARfDycKgABxxovv5fjXC5Zvq5hYiMCpd9r
131072,79705,1,3,0,3,3,3,218.056640625,217.986328125,125588,28554,21797,85,17627,2109,anyio,QmUWnpVPRQKhpuU6X649XZUCNiVZGv9S8QrLwdWuApxSS7
65536,27991,1,5,11149,0,3,0,216.087890625,216.017578125,0,11844,105,85,6137,443,certifi,QmQ421z8DWoWVjGTK256W1LrkaBRUJhgLPPWQ6NnvuB2uk
65536,27983,1,4,11152,0,2,0,216.087890625,216.017578125,0,11836,105,85,6137,443,h11,QmNPQDVmffUcTz3J8NkhYWCg141zgEUXBq9ft2jgWT2bQz
131072,66704,1,3,0,2,1,2,218.056640625,217.986328125,109205,22783,14567,85,17627,2109,httpcore,QmX4grZR8L1eGVBSaXZZ15nsH6Rc5mS9aW71Hy9QUwgJn3
262144,99043,1,2,0,4,1,7,218.056640625,217.986328125,164128,34120,29027,85,23340,2938,httpx,QmaHuTR2LeXjdDn66B3iW2ZJsBr7jqSsP2Un4oTUThTR7e
131072,66918,1,1,0,2,1,10,218.056640625,217.986328125,75413,22997,14567,85,17627,2109,gha-update,QmbiumBHpSCpWJVVrm3KAGRpHiWLPSDfdmwXp8UVt9rqiJ
65536,27769,1,2,11415,0,1,0,216.087890625,216.017578125,0,11622,105,85,6137,443,librt,QmPdX6SucSD8rTLwxjBA9cYt48PxbBJhU5z6tGkFYwErnk
65536,27999,1,2,11252,0,1,0,216.087890625,216.017578125,0,11852,105,85,6137,443,mypy-extensions,QmUq9d91M7L3TPbN8V1DZc3CCzwVx8KAoVN3psqTAYJAQ9
65536,27767,1,2,11150,0,1,0,216.087890625,216.017578125,0,11620,105,85,6137,443,pathspec,QmZSdxgUH3nfAyrwjhRKpGUhZTkFE7TpngCZdDE39DEFwA
65536,27769,1,5,11695,0,6,0,216.087890625,216.017578125,0,11622,105,85,6137,443,tomli,QmQLJnryCpKvTd9FXw4FNSpxxVegb56smUybfptxH7sNZ9
262144,111460,1,1,0,5,1,5,218.056640625,217.986328125,234236,39291,36257,85,23340,2938,mypy,QmetVTBnMgCZJQN4zMrNfSSxTe1F7ADM4uh4sbubYB7q8C
65536,27768,1,5,11678,0,7,0,216.087890625,216.017578125,0,11621,105,85,6137,443,packaging,QmYugdSzrmcUNf1ntHAddt36UomNuL6M9b4cNDWbcqFZbY
65536,27779,1,4,11466,0,2,0,216.087890625,216.017578125,0,11632,105,85,6137,443,alabaster,QmSgKGrsvw9bHJBwfiGtZRsFfrsQcweg17i33NXSQM51FN
65536,27972,1,4,11608,0,2,0,216.087890625,216.017578125,0,11825,105,85,6137,443,babel,QmeaFd6kQbarZPGo4aZNNAKt7o7pVaUiSTkHB5ioXr1XuX
65536,27586,1,4,11714,0,3,0,216.087890625,216.017578125,0,11439,105,85,6137,443,docutils,QmNuWjsH3zYc2LM1eWWkmRrVagiJ7g1N9JtLQgfmdjUBVF
65536,27779,1,4,11167,0,2,0,216.087890625,216.017578125,0,11632,105,85,6137,443,imagesize,QmeLa72omGEscbdttmWvwScJUzYcitfacmmxPxG2PXKmGs
65536,27586,1,4,11651,0,4,0,216.087890625,216.017578125,0,11439,105,85,6137,443,pygments,QmSjnZE2zDbBaQxAN2FcZZkCca8eqc3LkJ9KFz1H1CtVVP
65536,27997,1,5,11353,0,1,0,216.087890625,216.017578125,0,11850,105,85,6137,443,charset-normalizer,QmSEVv8xUcFRHs2M4kAVkPYuXB12D3vgeaxH64LNpD9dvZ
65536,27982,1,5,11307,0,1,0,216.087890625,216.017578125,0,11835,105,85,6137,443,urllib3,QmWXihjm79PB6MmK4ohShrA2f7N5LgmL5RQTVaBeWLWcUh
262144,98657,1,4,0,4,2,4,218.056640625,217.986328125,198502,33734,29027,85,23340,2938,requests,QmSmKvuqWo9kp2j4yff2AF35FuDES7tTihWzqpujJoYYTM
65536,27999,1,4,11417,0,2,0,216.087890625,216.017578125,0,11852,105,85,6137,443,snowballstemmer,QmVD62G4LyYxfHPRrUxaDPYJWPKDoe2VEKrCq1rhD12RrE
65536,28016,1,4,11554,0,2,0,216.087890625,216.017578125,0,11869,105,85,6137,443,sphinxcontrib-applehelp,QmfLtTrUWBMZPQdbr2eFjgfB1vZBPMTrGb8emFppFauEN3
65536,27803,1,4,11030,0,2,0,216.087890625,216.017578125,0,11656,105,85,6137,443,sphinxcontrib-devhelp,Qmbh9FtCaNMyPhJb3RoLxbWqUYvDV31Q5jF65FBgcwp7gc
65536,28006,1,4,11030,0,2,0,216.087890625,216.017578125,0,11859,105,85,6137,443,sphinxcontrib-htmlhelp,QmVM9q1JKGdQXtyu6v1eLnbGBqZXWbPqBuZ2C2GjvbNX3a
65536,27826,1,4,11896,0,2,0,216.087890625,216.017578125,0,11679,105,85,6137,443,sphinxcontrib-jsmath,QmZUPi2ng8UxRsK1UM7P8A5nFCQcUYv7DL6H488SxuSwqW
65536,27826,1,4,10987,0,2,0,216.087890625,216.017578125,0,11679,105,85,6137,443,sphinxcontrib-qthelp,QmdtKR5TdtcWuakDYYAg2WZTnf7daRT86CK6vQoFhkjx96
65536,27820,1,4,11185,0,2,0,216.087890625,216.017578125,0,11673,105,85,6137,443,sphinxcontrib-serializinghtml,QmTRp9aEYyg1XBJRzYYAA6G2qFgmoRDuVNfrDUiosFSajs
524288,278523,1,3,0,17,6,22,218.056640625,217.986328125,657303,106478,123017,85,34766,4596,sphinx,Qmf5kSc6YCVmn4qGp88oFaDufnimk2biGqJHtYXuVLYPd6
65536,27989,1,5,11158,0,1,0,216.087890625,216.017578125,0,11842,105,85,6137,443,roman-numerals,QmYU5qRNMP2VDWbWSMC2YtGx4m8FarpyX4YG6qJZFkUnah
131072,47398,1,4,0,1,1,1,218.056640625,217.986328125,73701,17245,7350,85,11914,1280,roman-numerals-py,Qmex7M7ECENevCkmnoBCsY63LpS52iHU3Pj8s9ezzUnp3C
524288,278523,1,3,0,17,6,23,218.056640625,217.986328125,641949,106478,123017,85,34766,4596,sphinx,QmYFifjMQPRF6kY77rDYx8AmXVQgDMkA2BLTzHk2Dix2D8
131072,66763,1,2,0,2,1,26,218.056640625,217.986328125,73679,22842,14567,85,17627,2109,sphinx-notfound-page,QmTV4LQqpy87JzAPnhkhxsBLcjhqHyXkEZgddysiowVHn2
262144,98926,1,1,0,4,1,27,218.056640625,217.986328125,145942,33951,29079,85,23340,2938,pallets-sphinx-themes,QmZVLLPXuLtDedgEa7cv1AV3p3zPKSgrosMiaf9JCUWwku
65536,27792,1,3,11573,0,1,0,216.087890625,216.017578125,0,11645,105,85,6137,443,cfgv,QmVqMtx2oJGCrGBa7p7HNGrcr4gjKdFKVucA5Dc1phvAt1
65536,27586,1,3,11237,0,1,0,216.087890625,216.017578125,0,11439,105,85,6137,443,identify,QmaT8YZQu1MS2UeU19NixpciQ9EapiafpisyYX41sEuhoo
65536,27992,1,3,11406,0,2,0,216.087890625,216.017578125,0,11845,105,85,6137,443,nodeenv,QmaRs5VXNHjjZYh3CKjACkxYLz7H77Bxqu9PHwhWVZEMTM
65536,27972,1,3,11517,0,1,0,216.087890625,216.017578125,0,11825,105,85,6137,443,pyyaml,QmfWzhfYgxFAkjcnHhUQTrS9BpaihnAXxkriYudfKL4Cdg
65536,27982,1,5,11171,0,1,0,216.087890625,216.017578125,0,11835,105,85,6137,443,distlib,QmWhgiQ7miwZaFVL8374bhvfgxgeEpmWnPokWmbziBTiFf
65536,27586,1,6,10951,0,3,0,216.087890625,216.017578125,0,11439,105,85,6137,443,filelock,QmZn8aykBSeB9W4v7Ft1DMVFw67F6Mos4YfLzy4iuELL2t
65536,27809,1,6,11097,0,3,0,216.087890625,216.017578125,0,11662,105,85,6137,443,platformdirs,QmfDG7u885Mfh3LqpxHv5LZWxRTSFyb6iGbDukGxTE1NtQ
131072,66721,1,5,0,2,2,2,218.056640625,217.986328125,107568,22800,14567,85,17627,2109,python-discovery,QmYog1qRtfTedxQtQfF7DLRHwg6o5MaD2Gitj5BZPnswLT
262144,111874,1,4,0,5,2,5,218.056640625,217.986328125,214177,39705,36257,85,23340,2938,virtualenv,QmS5bbkXbVuVwBbaBGPSwnmmsCKfEGidMZxRmVrtSRTZpR
262144,111864,1,2,0,5,1,10,218.056640625,217.986328125,217325,39695,36257,85,23340,2938,pre-commit,QmZrYR7hCHGP95gBUzmTXK7fdsFNFJEUia2RHrN3Ar6YGG
65536,27973,1,2,11057,0,2,0,216.087890625,216.017578125,0,11826,105,85,6137,443,uv,QmaPQ8EPtiQYB8Ehwb9QChFQH1tjoDWJovH964u9YHU48p
131072,66749,1,1,0,2,1,12,218.056640625,217.986328125,90035,22802,14593,85,17627,2109,pre-commit-uv,QmWRk6gV8aQ4uegZtrdgChmd5PNCEWDXr61HopUMnLwP9C
131072,66748,1,1,0,2,1,2,218.056640625,217.986328125,106982,22827,14567,85,17627,2109,pyright,QmbiHPfQdTtHEmNafW8WoHtZHK1PRSRij7v5HFEAwf4Hqe
65536,27779,1,2,11232,0,1,0,216.087890625,216.017578125,0,11632,105,85,6137,443,iniconfig,QmZ5bWug18vM1Qv6osVXD6XJsBRP7JVzSmsKkKCU58UiXX
65536,27972,1,4,11195,0,2,0,216.087890625,216.017578125,0,11825,105,85,6137,443,pluggy,Qmd76zSHbMCHv7pjdni8giGtfKK7f9T4d9DrDhi1f778Fx
262144,137447,1,1,0,7,1,8,218.056640625,217.986328125,289688,50818,50717,85,23340,2938,pytest,QmVJGhoBo2TtGLK921QZhiYvQmDiWnA3jSu5SpbyHxWQ8s
65536,27780,1,1,11598,0,1,0,216.087890625,216.017578125,0,11633,105,85,6137,443,ruff,QmbadtLZsDPE3s6AYhzZT6SBekd1VBSzJoK4Zpi27t4SUF
131072,66742,1,2,0,2,2,4,218.056640625,217.986328125,91868,22795,14593,85,17627,2109,starlette,QmddY2KTRvrrB6UZ87DoQ2Xy2M8udpB1peFFLKYCQBo6eu
131072,79725,1,2,0,3,2,4,218.056640625,217.986328125,127193,28574,21797,85,17627,2109,uvicorn,QmWcxzLdgN2tqcr5CtaMf89EmyAX9FapsPFivRrTC69TvQ
131072,47571,1,2,0,1,2,4,218.056640625,217.986328125,56864,17431,7337,85,11914,1280,watchfiles,QmQRhkuJS8cAchwokSdLjJuB3RneZ4Sn4vubH6vPedTc3v
65536,27587,1,2,10855,0,2,0,216.087890625,216.017578125,0,11440,105,85,6137,443,websockets,QmexbmbZjXLXmqgk6owEZZsDNYu3VSR6qnJRHgsaAUDfDw
262144,137267,1,1,0,7,1,35,218.056640625,217.986328125,214629,50638,50717,85,23340,2938,sphinx-autobuild,QmXTCZwvsDd5Rav32TyjeJ1hcSkoJhgbthSJKxpSibK6E8
262144,137267,1,1,0,7,1,35,218.056640625,217.986328125,219923,50638,50717,85,23340,2938,sphinx-autobuild,QmTJyHcdeZmKKYMb6dJKThHaPjAoF7s2mRXwqzFTibVEup
262144,99062,1,1,0,4,1,26,218.056640625,217.986328125,164417,34139,29027,85,23340,2938,sphinx-tabs,QmWjcnB1gxRETMy9gwNMaWq7DR6qWPVDFwmH2au8dtx8gB
131072,66776,1,1,0,2,1,26,218.056640625,217.986328125,74937,22829,14593,85,17627,2109,sphinxcontrib-log-cabinet,QmShuvNQ1kWks56yxvj3ayJL11jdsqwMV7VTmDbYCbRoUH
65536,27981,1,4,11068,0,1,0,216.087890625,216.017578125,0,11834,105,85,6137,443,cachetools,QmdbqzpgxSjYH2urKu9D4UcEvBaPikeWat1538UH19xxNp
131072,66926,1,4,0,2,1,2,218.056640625,217.986328125,107510,23005,14567,85,17627,2109,pyproject-api,QmcsxkmUXYLuiA18zEZyuppaQsZptuVXUBkx46gRc4TdeP
65536,27982,1,4,11318,0,1,0,216.087890625,216.017578125,0,11835,105,85,6137,443,tomli-w,QmWqT3a5prqW9Kq2nKCqLiRe8QC86qCpB8125HCBsNjfFm
262144,207980,1,3,0,12,1,13,218.056640625,217.986328125,424880,78659,86867,85,29053,3767,tox,Qmau5ZmnoMrc5QM21WbPUYqh8Ct7VxYiLDfdMUkFtLkG6B
131072,79734,1,2,0,3,1,14,218.056640625,217.986328125,124455,28583,21797,85,17627,2109,tox-uv-bare,QmXGCr3vLNEXHEYbg1VEHHS2DThEzVfT1TUyko9S7veLB3
131072,66919,1,1,0,2,1,16,218.056640625,217.986328125,90508,22998,14567,85,17627,2109,tox-uv,QmZhUBhPvtMWFiRvgmye2Erb6oYMewVixtLnnfdfKtuzZT
65536,28007,1,1,11408,0,1,0,216.087890625,216.017578125,0,11860,105,85,6137,443,types-contextvars,QmPevNYxnz7qMj3gc3xxq1xs95NFyrLaAt2oexey8DSTga
65536,27795,1,1,11391,0,1,0,216.087890625,216.017578125,0,11648,105,85,6137,443,types-dataclasses,QmXdy9zK9tZJM7a5Jff7TsnW1WeoqNA6jnVz5z61WuBzXM
524288,265698,1,0,0,16,0,82,218.056640625,217.986328125,433606,100675,115995,85,34766,4596,flask,QmXRU4RMMpcAX221eXUr7tDuTCgLacFu41Di8DCg4oZUms
65536,27786,1,1,11210,0,1,0,216.087890625,216.017578125,0,11639,105,85,6137,443,async-timeout,QmNRj4eRYrVjvhJEd4zQfxjqQRawSj25UNQeqVZj98547H
65536,27983,1,6,11497,0,2,0,216.087890625,216.017578125,0,11836,105,85,6137,443,six,QmeHwbUjHaGBhQSef6iSouG98nveSh9h3w3CTe5RCYqBgD
131072,47357,1,1,0,1,1,1,218.056640625,217.986328125,74468,17217,7337,85,11914,1280,attrdict,QmVWGwRhdZsvmDPGwncWNEjJBcsbJ8JhLhvz6qSEqXsbjY
65536,27991,1,1,11785,0,1,0,216.087890625,216.017578125,0,11844,105,85,6137,443,audioop-lts,QmXB7sdzS5oyKxZEFzTRQhjVJJiqf3LAvTd1F59n5SAoyH
65536,27818,1,1,11373,0,1,0,216.087890625,216.017578125,0,11671,105,85,6137,443,backports-datetime-fromisoformat,Qme5g13Mi9mU9TRoJnTedhxb4KKNjxX3EJ5Wt9Nx5iqTKt
65536,27769,1,6,10913,0,10,0,216.087890625,216.017578125,0,11622,105,85,6137,443,click,Qmbh6ieV7BeUXaFBgUtZMG3uGLusa64p4ADLLNyE6QFpnE
65536,27768,1,6,11034,0,26,0,216.087890625,216.017578125,0,11621,105,85,6137,443,packaging,QmURcLAtCERY1d9StTR2JZXwzi9cZ7dNG4jKUiYjy8aTnp
65536,27767,1,2,11725,0,1,0,216.087890625,216.017578125,0,11620,105,85,6137,443,pathspec,Qmc8rZ7eFchX13aQzVXVtaVuVoaL17hh2zwRcYWMSLgZ2W
65536,27809,1,3,11352,0,3,0,216.087890625,216.017578125,0,11662,105,85,6137,443,platformdirs,QmVm7BwRC6mjEEEVKUjFiwiwQVz7GiBYXDFht8nG6FMwcP
262144,111865,1,1,0,5,1,5,218.056640625,217.986328125,229382,39696,36257,85,23340,2938,black,QmVBNoCE3JqBc6rz1XRySudQseKk3w3VEDuhBuJ7ndQV3z
65536,27767,1,1,11352,0,1,0,216.087890625,216.017578125,0,11620,105,85,6137,443,cdifflib,QmUPxde9pvdAwrN9CYNMfc1bmZdmHw1WnEKLNapVBxV6ht
65536,27779,1,1,11539,0,1,0,216.087890625,216.017578125,0,11632,105,85,6137,443,contourpy,Qma9R1wJ8esRGko2UbC6wQnLiXo3WwpHsgAjZ13J8LWLoz
65536,27779,1,1,11534,0,1,0,216.087890625,216.017578125,0,11632,105,85,6137,443,contourpy,QmPamdcCvzrfDpCcS7oLDzrELpVTMNgu3EVG9X6jhCKuqD
65536,27586,1,1,11441,0,1,0,216.087890625,216.017578125,0,11439,105,85,6137,443,coverage,QmPe3P7TNGgCn5gu8fU41HTojHXY5Wr5hp6cHjVkFbugos
65536,27768,1,2,11406,0,1,0,216.087890625,216.017578125,0,11621,105,85,6137,443,pywin32,QmeXfuE4t84TMAvrQWjo4ws3zETMzk2WPq4tAbgMTqvNaf
131072,47408,1,1,0,1,1,1,218.056640625,217.986328125,72552,17255,7350,85,11914,1280,cuda-python,Qmb1mMwjdi4fQwPy2KZyKsDLFMPN1j69LFprCcdNLabQNp
65536,27989,1,2,10962,0,2,0,216.087890625,216.017578125,0,11842,105,85,6137,443,cuda-bindings,QmSMfMbQRSbfstmTcMoQPnu6HjLacFVtuWkM2Z6TSMMu8Q
65536,27999,1,3,11836,0,3,0,216.087890625,216.017578125,0,11852,105,85,6137,443,cuda-pathfinder,QmVEYCoXpbRjPZuXmBRDPdzdFNJpTg6ssN8iGaJai5Hrrk
131072,66938,1,1,0,2,1,2,218.056640625,217.986328125,109734,23017,14567,85,17627,2109,cuda-python,QmbLaiXiCSeTbyvXCki41Gz969zCMnaTNGWExNWVnjEhbF
65536,27779,1,1,11627,0,1,0,216.087890625,216.017578125,0,11632,105,85,6137,443,diskcache,QmQsNNDKVbWRxBKetNUejoD6BUVurY62GjwoN1w5fgDgZT
65536,27586,1,1,11242,0,1,0,216.087890625,216.017578125,0,11439,105,85,6137,443,docutils,Qma2sRzVxbTpziNHi1393EQzD96htPFCUo1Nb2Rduk3FB2
65536,27809,1,1,10972,0,1,0,216.087890625,216.017578125,0,11662,105,85,6137,443,editdistance,QmUsJD75uvcbqiQBcuoME5q4Kwm38xTMZHDMcjEeyQtfcd
65536,27989,1,1,11952,0,1,0,216.087890625,216.017578125,0,11842,105,85,6137,443,exceptiongroup,QmemRA2GNYug7kTHk6AhjGKXqnogFXGC8ueUNQB8AEjJqQ
65536,27767,1,1,11280,0,1,0,216.087890625,216.017578125,0,11620,105,85,6137,443,greenlet,QmeRCpuZxKf6k4Lu9VYX9pMnktZTzRLccPQWQNB1GUZyYQ
65536,27586,1,1,10963,0,1,0,216.087890625,216.017578125,0,11439,105,85,6137,443,gunicorn,QmbEw9SdxtqmqC8LUH9mn397nHP23Pf5FXEeUb3hzbNghK
65536,27972,1,1,11836,0,1,0,216.087890625,216.017578125,0,11825,105,85,6137,443,hf-xet,QmcH2QGWLBz8b5ESc937k1YSQLLN3NB5b2q9nGBKAorZXR
65536,28006,1,3,11042,0,2,0,216.087890625,216.017578125,0,11859,105,85,6137,443,antlr4-python3-runtime,QmWy2LrGgj22hTigRcHUwmCHvQQTuNAjgy6TBBAZYJvUrn
131072,66742,1,2,0,2,2,2,218.056640625,217.986328125,109655,22795,14593,85,17627,2109,omegaconf,QmTJ3ekAX4UyATRkiLt2Rp2ZPY7dTBEJg1z8P7UVcqHXKJ
131072,79714,1,1,0,3,1,4,218.056640625,217.986328125,125284,28563,21797,85,17627,2109,hydra-core,QmdeeadsCvFx4Quuq9pazrXw9rGjHPYBHgZWzP1gUE2n6h
65536,27999,1,2,11300,0,2,0,216.087890625,216.017578125,0,11852,105,85,6137,443,more-itertools,QmdBCYX6QtMF7tcSXem9FWUtKEi9cAJvQ4eSBX4DKEM3t9
131072,47382,1,2,0,1,1,1,218.056640625,217.986328125,74268,17229,7350,85,11914,1280,typeguard,QmSt7GuCLQ6t3N9ur4LiSnmbFpyzKNK4RoT7wzLo6TaZNL
131072,66919,1,1,0,2,1,3,218.056640625,217.986328125,92383,22998,14567,85,17627,2109,inflect,Qmab4K6F2M8HAWfJCFtMxTEwwMS1mfQVRXgrD3b8Ued3pU
65536,27992,1,1,10779,0,1,0,216.087890625,216.017578125,0,11845,105,85,6137,443,ipython,QmUjpx4nTUuqq8pzSqeu5uqEZdaqjsN9m2zocobDBnJwqv
65536,27992,1,1,11118,0,1,0,216.087890625,216.017578125,0,11845,105,85,6137,443,ipython,QmeQVvbG6bGRAcJsdGXeVnT1v5pR3uG5DHuBDc5zTk49ou
65536,27992,1,1,11536,0,1,0,216.087890625,216.017578125,0,11845,105,85,6137,443,ipython,QmaQkn7BukjmCjRoM7bY1UvAqSBXDzTn3X8kqz54quJGfn
65536,28016,1,1,11101,0,1,0,216.087890625,216.017578125,0,11869,105,85,6137,443,ipython-pygments-lexers,QmeQNnkBthnvaXKPTwEQiUakmJhhEkUUMoqRGFzzk6TE6f
65536,27972,1,1,11692,0,1,0,216.087890625,216.017578125,0,11825,105,85,6137,443,isort,QmUjFhWCmccMzx5xhaGkWzpKuGJRRo94rccjnTNun3bcCK
65536,27972,1,1,11338,0,1,0,216.087890625,216.017578125,0,11825,105,85,6137,443,janome,QmaiSKrD9ysJCxg6nd7zY2qmkmHqaxVSz6aQGL4N3U1cpb
65536,27769,1,2,11345,0,1,0,216.087890625,216.017578125,0,11622,105,85,6137,443,parso,QmRpHssqJDXs1va2dkqF2PcGEfkVVsnCpWV4eeCAWHYJk9
131072,47167,1,1,0,1,1,1,218.056640625,217.986328125,74424,17027,7337,85,11914,1280,jedi,QmRF6vvPUaZyKYvLNqqFXs9V7ULdymLJaZHmHHt8tj2VzD
65536,27972,1,1,11020,0,1,0,216.087890625,216.017578125,0,11825,105,85,6137,443,jieba,QmVY1vHyTo3i5wJ9fZShKCWUrhTA9GibCGhZvkS2Gd7HEy
65536,27981,1,2,11042,0,1,0,216.087890625,216.017578125,0,11834,105,85,6137,443,rapidfuzz,QmPqaipgERcK8FNLC1n5ZKxmgtRddLLpqgCNiyzVzf5dRe
131072,66732,1,1,0,2,1,2,218.056640625,217.986328125,106525,22785,14593,85,17627,2109,jiwer,QmWR3VbsPfnY7S7gG6NbohSbnt7dV7EQtXcoRhgBtBGZh1
65536,27972,1,7,11309,0,3,0,216.087890625,216.017578125,0,11825,105,85,6137,443,attrs,QmZLHPGsRcDDgWstv3a3sCp3xNKkPiDCZFHJRzEPrwYqCo
65536,27992,1,4,11181,0,2,0,216.087890625,216.017578125,0,11845,105,85,6137,443,rpds-py,QmVYWiFdsw4jouiMWWQzx6ykRDWufJbBxxoAQ8gdYYMzpG
131072,66938,1,3,0,2,2,2,218.056640625,217.986328125,108879,23017,14567,85,17627,2109,referencing,QmVtGwBGCq4ZnLHuLeJ2EE3fdAaYcFw35bk34evjYxyyo8
131072,47400,1,2,0,1,1,3,218.056640625,217.986328125,56838,17260,7337,85,11914,1280,jsonschema-specifications,QmcQVgUb5Fpa3jGQkLJ3f5tQDom6kyGNH7h8Jo6KcJJp1Y
262144,99062,1,1,0,4,1,4,218.056640625,217.986328125,165477,34139,29027,85,23340,2938,jsonschema,QmaZP3syGxzpoBSfAt3abVpjXFCWrmDw6QEhSXefWbvUbz
65536,27999,1,1,11242,0,1,0,216.087890625,216.017578125,0,11852,105,85,6137,443,kaldi-python-io,Qmd5JmF9YBMfUAXsxF454GsKTA3csV3KRTi7XUxpjeRMTN
65536,27981,1,1,11361,0,1,0,216.087890625,216.017578125,0,11834,105,85,6137,443,kaldialign,QmUxHoMNiKs98HrqxvUN3xERWxbJvNsbGTRZMBkixXkfgg
65536,27981,1,2,11207,0,1,0,216.087890625,216.017578125,0,11834,105,85,6137,443,kornia-rs,Qmdwtu5vzVxQocEAmGDWu3iyMMSMEQx3YNupeZFLwAKji8
131072,66909,1,1,0,2,1,2,218.056640625,217.986328125,109164,22988,14567,85,17627,2109,kornia,QmQXw5davZabFVx5QcEfwqmrUpPQmRAvRx8qnkuatdRjZS
65536,27779,1,2,11679,0,2,0,216.087890625,216.017578125,0,11632,105,85,6137,443,audioread,QmdZ5yTRfWMH8234bXqSQ3NFtjq75UBrHpNVXBXHajkmKQ
65536,27769,1,3,11418,0,1,0,216.087890625,216.017578125,0,11622,105,85,6137,443,toolz,QmUe3miGfKwdddcLQgdCfumJoRU1Qa9rFac7XWC2Dagekn
131072,47572,1,2,0,1,1,1,218.056640625,217.986328125,72686,17432,7337,85,11914,1280,cytoolz,QmUL2ZGtXeQWRzwGLgKdCf6k1rva2ibCG7i8rPB5vtsjLs
65536,27784,1,4,11174,0,2,0,216.087890625,216.017578125,0,11637,105,85,6137,443,sortedcontainers,QmYDgTQtLEiCStWYgtCjLRFyrdNL4xXkTpPaT3RLUEEkv6
131072,47399,1,2,0,1,1,1,218.056640625,217.986328125,73622,17259,7337,85,11914,1280,intervaltree,QmTxDPBL3ctQ75rg7FuoN8pAUTJPa6iKGpaS5raki7xqfS
65536,27972,1,2,11378,0,1,0,216.087890625,216.017578125,0,11825,105,85,6137,443,lilcom,QmQuoLK6rEvNda2M91TeijdotYw1rS34ubZ23NurPssuPG
65536,27792,1,3,10885,0,1,0,216.087890625,216.017578125,0,11645,105,85,6137,443,cffi,QmepYxzEvwRKusDmEaQ2kGBSeKFDNYeie6dCN5Tcd4B22b
131072,47571,1,2,0,1,4,1,218.056640625,217.986328125,74314,17431,7337,85,11914,1280,soundfile,QmPAm4jNQikVJdPcgZvWsE7SrnDsGAGsLZMJbTndAK3hrv
65536,27586,1,3,11500,0,3,0,216.087890625,216.017578125,0,11439,105,85,6137,443,tabulate,QmPpRx9MfcsdfqTCdcy8EVS6pQDtzuQUvfCKWvvVJaoPCo
65536,27577,1,5,11112,0,11,0,216.087890625,216.017578125,0,11430,105,85,6137,443,tqdm,Qmc93kgDx1aHZs9L6gjv7KMM3ZXHR5n1JXsc7TQLxDyUxc
262144,182387,1,1,0,10,1,13,218.056640625,217.986328125,350936,67526,72407,85,29053,3767,lhotse,QmVZ5MwJwu6ecGATJnf4hrGggBs2TZF6dwTvvxX6PvmF1A
65536,27779,1,3,11737,0,2,0,216.087890625,216.017578125,0,11632,105,85,6137,443,decorator,QmdMZ9JfZwuSE6b18ucGDqpNEXQUzHBjj6LJdkUtd2AyL9
65536,27972,1,2,11539,0,3,0,216.087890625,216.017578125,0,11825,105,85,6137,443,joblib,QmT5PsKRk7upB4nwHb4NqCo8xGfE14TPSuvunfKqEQyNdt
131072,47368,1,2,0,1,1,1,218.056640625,217.986328125,72747,17228,7337,85,11914,1280,lazy-loader,Qmeg2Rv6yVj63g2fVZrrtzFVbLM1REPEQ6GfKuM7yQESsm
65536,27982,1,2,10938,0,1,0,216.087890625,216.017578125,0,11835,105,85,6137,443,msgpack,QmQXb9HSeK7yBHYiY7djn1nYrwV9BpiF5dCLGD6gjj3KQb
65536,27586,1,3,11546,0,1,0,216.087890625,216.017578125,0,11439,105,85,6137,443,llvmlite,QmczGEs3xh6i4UsDyVFEZrqbbt6XouE5QnHGdwWgJJRR1i
131072,47562,1,2,0,1,4,1,218.056640625,217.986328125,73633,17422,7337,85,11914,1280,numba,QmXbgVbQWGHSVitJeGU9rKd8tan4YW3KbKRtToXGqXF6sF
65536,27991,1,7,11431,0,4,0,216.087890625,216.017578125,0,11844,105,85,6137,443,certifi,QmTXMFcXnGYQgKuffHogAz19L35mkLaWUem3HFTCmirp4S
65536,27590,1,8,10756,0,4,0,216.087890625,216.017578125,0,11443,105,85,6137,443,idna,QmR9QBGUfz8bPc252ZEL9cW6EUW2NE6AkFRrE7UsAX2ex5
65536,27811,1,6,11473,0,5,0,216.087890625,216.017578125,0,11664,105,85,6137,443,urllib3,QmPopmEkCxgtfdoFBZYWVobyugzkrusDtRu3q2m1qxcKeo
262144,98657,1,5,0,4,8,4,218.056640625,217.986328125,196649,33734,29027,85,23340,2938,requests,Qmapz5XRYGGovKwpDZdLKhBhEfX6FJFJPX7G54bAjMdgJb
131072,79541,1,2,0,3,1,7,218.056640625,217.986328125,126452,28351,21836,85,17627,2109,pooch,QmSApaT9wDRbo9xaox7m5b1cUBynFhgBS5rZdak9cPzSPS
65536,27792,1,2,11331,0,3,0,216.087890625,216.017578125,0,11645,105,85,6137,443,soxr,QmSYYPw82E5bAfrEVnMXEWzbNrDen2MWP4aHQDxnYRevo1
262144,182397,1,1,0,10,1,19,218.056640625,217.986328125,341465,67536,72407,85,29053,3767,librosa,QmTjG92QGN9Vueogn3Xu5FncZaDfYVmGPFYgtNJkbUapom
65536,27989,1,1,11092,0,1,0,216.087890625,216.017578125,0,11842,105,85,6137,443,markdown-it-py,QmQ3NRDV9HZMaCgKCW1dCgaH2d3Cxn6Gnbx717iSyYKqjJ
65536,27989,1,1,11133,0,1,0,216.087890625,216.017578125,0,11842,105,85,6137,443,markdown-it-py,QmZ1tGpAHTi7DUZ8Wvwyaru6wwzevfZNYL1LFRiNkynAJQ
65536,27991,1,1,11447,0,1,0,216.087890625,216.017578125,0,11844,105,85,6137,443,marshmallow,QmRdMCVDri3fDF4PmKwwpbcsyxA1nuMWEA4SL9M9SNQmFw
65536,27981,1,2,11124,0,1,0,216.087890625,216.017578125,0,11834,105,85,6137,443,traitlets,Qmd5TjXn3mZXu2ZJv6udwRxBhZoDdUctkqtGVbESSi9K9B
131072,47398,1,1,0,1,1,1,218.056640625,217.986328125,73595,17245,7350,85,11914,1280,matplotlib-inline,QmRn5VmaEBPdkAvEoi3uGCMqyS1TJCg7KKFjNP29DxS4ct
65536,27999,1,1,11197,0,1,0,216.087890625,216.017578125,0,11852,105,85,6137,443,mdit-py-plugins,QmXUKMKQ7ActSN97Wfhzw4pLYMM2adQBBFHGu2MpXPS1Px
65536,27769,1,1,11368,0,1,0,216.087890625,216.017578125,0,11622,105,85,6137,443,mdurl,QmanvfBwxNoN8mDqrojYAU5BgTG2qFssKKC3bWSkpgVq2y
65536,27982,1,4,11394,0,1,0,216.087890625,216.017578125,0,11835,105,85,6137,443,cycler,QmTqrt8z4HdmLbwvUojC23eNt3HbxNPnCUfk9gHzNWARda
65536,27981,1,4,11033,0,1,0,216.087890625,216.017578125,0,11834,105,85,6137,443,fonttools,QmVupp938PUuvyFjoHiHJ14nPq5cZNifmDuzhJYveuiTJQ
65536,27981,1,4,11545,0,1,0,216.087890625,216.017578125,0,11834,105,85,6137,443,kiwisolver,QmXTweHq3822KnVzsdBKy1RSjN2pk41B765LFk8bjHyXf4
65536,27982,1,4,11714,0,3,0,216.087890625,216.017578125,0,11835,105,85,6137,443,pillow,QmWjZyY9qcfhgvPCMfooXEWfgmVaEdXXXyhPvqD4h6tfAD
65536,27779,1,4,11507,0,1,0,216.087890625,216.017578125,0,11632,105,85,6137,443,pyparsing,QmZNLEz4gaHY69fxtRbVs52unevJ4zxdZVvsTjB6iCgbx8
131072,47392,1,5,0,1,3,1,218.056640625,217.986328125,72783,17252,7337,85,11914,1280,python-dateutil,QmfHH9u31YVzZZGL9iTxfb6AohLCfmDv8Ru5vvyqbPL2k3
262144,137466,1,3,0,7,3,8,218.056640625,217.986328125,284043,50837,50717,85,23340,2938,matplotlib,QmYmGSn9eQS4VgMz2nLUGUXbfbGizd1jkSyKij6zPdaWfx
131072,66919,1,1,0,2,1,9,218.056640625,217.986328125,90970,22998,14567,85,17627,2109,mediapy,QmTYcsvUNcdXb8UrcZpUveuy83bvuXUmTosvTScFg8K7K5
65536,27586,1,5,10764,0,3,0,216.087890625,216.017578125,0,11439,105,85,6137,443,filelock,QmU2h4q6PfKpbaXQgMkD3dU8i2VfoJtQKPzAdH7qKnxkQe
65536,27784,1,7,11311,0,1,0,216.087890625,216.017578125,0,11637,105,85,6137,443,aiohappyeyeballs,QmTZvVxBMfGrwMC8bpADXeYKd8MR4G75K8s6M4QRhidJKa
65536,27981,1,8,11695,0,2,0,216.087890625,216.017578125,0,11834,105,85,6137,443,frozenlist,QmQFHWa62D4JYT4SacCsVbmJjTm8cKaKBWLN1ja1eiqSCk
131072,47382,1,7,0,1,1,1,218.056640625,217.986328125,71422,17229,7350,85,11914,1280,aiosignal,QmX61fe5Yw3S6UrPr1NJHvhnWU6K9JKg3zcJn9ivJTrgCs
65536,27779,1,8,11359,0,2,0,216.087890625,216.017578125,0,11632,105,85,6137,443,multidict,QmW5j1Tgu85H5UsgWdBz3r8tMP5azst9EpeFwLVisahGaQ
65536,27779,1,8,11210,0,2,0,216.087890625,216.017578125,0,11632,105,85,6137,443,propcache,QmRLoEcToLZR7Q8MifeT7Xcb1CAiWT7748eDLQb7VvmVDF
131072,79310,1,7,0,3,1,3,218.056640625,217.986328125,141991,28159,21797,85,17627,2109,yarl,Qmb5mPz2fezPPbbUnFx9trZy52jpEzPqxdxmYcWKGdpk29
262144,137467,1,6,0,7,1,8,218.056640625,217.986328125,266578,50838,50717,85,23340,2938,aiohttp,QmTV3crUAFcBMPChe5Pfz2MB2wkw2Z4aDiYqJPC5zEdYTM
131072,47571,1,5,0,1,5,9,218.056640625,217.986328125,55077,17431,7337,85,11914,1280,fsspec,QmTUEkcRiAqhHfzpD4K2rYT2Ncbv9skzjXVwFj1T6uZWY5
131072,47562,1,6,0,1,3,1,218.056640625,217.986328125,74551,17422,7337,85,11914,1280,anyio,QmZSSt2HL7KTp4P4c3hYooP8UGmiiQZeX4NoQAZQFNo73x
131072,66704,1,6,0,2,1,2,218.056640625,217.986328125,109459,22783,14567,85,17627,2109,httpcore,QmSAcqDANaLogGHMPgkbQcqyK3WPF4qJaj8SCRzbEDzJZf
262144,99043,1,5,0,4,2,5,218.056640625,217.986328125,163416,34120,29027,85,23340,2938,httpx,QmaELqByH9YwBNqnLvobRRjDNjSkxSxft5WQwXEPMCCLpc
65536,27786,1,6,10891,0,2,0,216.087890625,216.017578125,0,11639,105,85,6137,443,annotated-doc,QmWDpEp1iesHmwBs7kYz9opWzscvWqsVznfM2GktHeq1Sj
131072,47167,1,6,0,1,2,1,218.056640625,217.986328125,73571,17027,7337,85,11914,1280,rich,QmUtMsKGyKD5hVwffNUwGeBurHyQxtdgNS2XzFDbXRXSoX
65536,27991,1,6,11246,0,1,0,216.087890625,216.017578125,0,11844,105,85,6137,443,shellingham,QmQZM18DsutVB8nsvbdHmapfXMRraP7BccewkkQXtBJZCU
262144,99043,1,5,0,4,3,5,218.056640625,217.986328125,177994,34120,29027,85,23340,2938,typer,QmXHGTJ7bypbZQmh9EwV5vfqoXPsqKrNd1rTNgLPJ3rwge
262144,156812,1,4,0,8,7,26,218.056640625,217.986328125,284409,56411,57947,85,29053,3767,huggingface-hub,QmSCyn5nC1TyBVTY5S8yudgtkLMmiC4rQmT8RnexjQjBoX
65536,28015,1,2,11150,0,3,0,216.087890625,216.017578125,0,11868,105,85,6137,443,opencv-python-headless,Qme9hiaSn8nWQ4NcKhfR74qDacHvourMEV1UAo9sCQnATc
65536,27786,1,2,11208,0,2,0,216.087890625,216.017578125,0,11639,105,85,6137,443,sentencepiece,QmS2i9nkzMrQ8LmkeZWC7y8E2w8DcAMeT6jmX5UZLUzx2C
262144,111882,1,1,0,5,1,32,218.056640625,217.986328125,199045,39713,36257,85,23340,2938,mistral-common,QmaA9H4RYttcjMAjJnKonhCtdeCYeQpqw9yF3qJhCxaXop
262144,111872,1,1,0,5,1,32,218.056640625,217.986328125,197394,39703,36257,85,23340,2938,mistral-common,QmX1UkPyQQuVF8NM8ZnxE55Kt6QDZHRi8wGFrMgcgwUSLE
65536,27991,1,1,11389,0,1,0,216.087890625,216.017578125,0,11844,105,85,6137,443,myst-parser,QmTDLRqGGjyW1pMQWYPiwjtrwZrRkdXsW114KgrPSxLVPf
65536,27991,1,1,11147,0,1,0,216.087890625,216.017578125,0,11844,105,85,6137,443,myst-parser,QmW9BPPSn7xfCoTA758V5yjSiNDNUuFJh7q8GmGirizuZD
65536,27792,1,4,11631,0,2,0,216.087890625,216.017578125,0,11645,105,85,6137,443,dill,QmUmjEwch8KzEfC4X1iAqVh4ZVSpUmnDnKpQu779LQdFWK
131072,47400,1,3,0,1,1,1,218.056640625,217.986328125,73084,17247,7350,85,11914,1280,multiprocess,QmZpmhEJbKHUx5sXx3mpURw2tHhJyjtW148Z2dh5ZtcyCm
65536,27607,1,5,11365,0,1,0,216.087890625,216.017578125,0,11460,105,85,6137,443,pytz,QmQz13VwHCz26FD7UGdkM6rPAf9v6U9jSsSayQwqgP5SPm
65536,27982,1,5,11346,0,1,0,216.087890625,216.017578125,0,11835,105,85,6137,443,tzdata,QmRg9XpnyTcSe6u9KQRmVBwx6ZEA97gkwhB6RyFePCstPK
131072,79705,1,4,0,3,6,4,218.056640625,217.986328125,126549,28554,21797,85,17627,2109,pandas,QmZ2TdJCg5XHW8dThhzxChumDTWjmLv3wYoGj39AiQ4QHy
65536,27992,1,3,10898,0,2,0,216.087890625,216.017578125,0,11845,105,85,6137,443,pyarrow,QmQGFQXGdg3xnAUEb7bSMGEigdHuBVTeeUUCfTQxaWK9p7
65536,27972,1,3,11377,0,1,0,216.087890625,216.017578125,0,11825,105,85,6137,443,xxhash,QmaXaMzAAdBd6PnawR3U3zY2rux42Dr6T4UPh5PQHPHtuu
524288,220560,1,2,0,13,1,39,218.056640625,217.986328125,450378,84009,94097,85,29053,3767,datasets,QmRFbinrpvWNEvy37B5x2541opNgqJ91sVq4LpQHA24JG2
131072,47571,1,2,0,1,1,1,218.056640625,217.986328125,73628,17431,7337,85,11914,1280,flashoptim,QmZGRi1Hd8YznLeoexsUxhJ2tfN74KAhnH2hBudsTc94uC
65536,27972,1,3,11332,0,1,0,216.087890625,216.017578125,0,11825,105,85,6137,443,einops,QmWdTMfowyNmhCv1H3Mc3CZnS262XSzfMNW4n8jiFveajT
131072,66749,1,2,0,2,1,2,218.056640625,217.986328125,107876,22802,14593,85,17627,2109,megatron-fsdp,QmWzGAqxethoU3gVFPHVYqwmFMYftLW1RnySSPWWNr9AZz
131072,47167,1,4,0,1,1,1,218.056640625,217.986328125,73129,17027,7337,85,11914,1280,mako,QmbQf7BX6CHPkreUUXXVWwrNeR8tViJQkHassBGJ8NCRCu
131072,47581,1,4,0,1,3,1,218.056640625,217.986328125,73150,17441,7337,85,11914,1280,sqlalchemy,QmetNJHLgEnm5PbiEN7Mk9z3rwk4ZqKMvVrCsxG6KXwSjY
131072,79725,1,3,0,3,2,4,218.056640625,217.986328125,109057,28574,21797,85,17627,2109,alembic,QmUEgGtNrgFxpX86NaLP1PG2hp49urxKZMHDtTHh2LYCfn
131072,66909,1,3,0,2,2,5,218.056640625,217.986328125,91082,22988,14567,85,17627,2109,docker,QmWwzf6BZEq6QaFqW6YooRbUhUhpebzVr48C1CUEqSVQ8W
262144,124526,1,3,0,6,1,6,218.056640625,217.986328125,233923,45049,43565,85,23340,2938,flask,QmfQdC2c1toPLHLAVGforKFmSGoL3xXkDHvZJCsjVsDLXU
65536,27809,1,5,10848,0,2,0,216.087890625,216.017578125,0,11662,105,85,6137,443,graphql-core,QmPGMWE3yv4ABbQfyo9hkyyuq8vDaQoMWF5T61gY73hG9u
131072,47389,1,4,0,1,1,1,218.056640625,217.986328125,71342,17236,7350,85,11914,1280,graphql-relay,QmPLCJNJEG7r6bbeGy4PWMJDurecpvoNBoPcBa6wfnpdFQ
262144,98838,1,3,0,4,1,5,218.056640625,217.986328125,161989,33915,29027,85,23340,2938,graphene,QmZ6h9jy9fU1AfhW1AFPvwUtqKpQfQ9XSPv53c3YbeDfhY
65536,27981,1,4,11020,0,2,0,216.087890625,216.017578125,0,11834,105,85,6137,443,cachetools,QmSStU4SRCpYdHVPwhKrPCxtfksR4MAqC87owuu3rqf562
65536,27991,1,4,10936,0,1,0,216.087890625,216.017578125,0,11844,105,85,6137,443,cloudpickle,Qmcgcrzn5BDXmdijDB4Wz2XUw6QmmweDVG659Q1dA6QSqc
65536,27594,1,6,10739,0,3,0,216.087890625,216.017578125,0,11447,105,85,6137,443,cryptography,QmVsifQ5P9fUTWwntDFF5Y7zbGmjuTEeBtKyFwakHEvq4e
65536,27972,1,7,11409,0,1,0,216.087890625,216.017578125,0,11825,105,85,6137,443,pyasn1,QmcdqE9vKvGL9uogZ9Fov3Vq7qqnnGrd79qwzLxkJt4CjD
131072,47579,1,6,0,1,1,1,218.056640625,217.986328125,73211,17439,7337,85,11914,1280,pyasn1-modules,QmbXwXjvqJHMP4taTrtUqYgXW3vR1GAAwULSQRVSUfqhqb
131072,66938,1,5,0,2,1,3,218.056640625,217.986328125,91601,23017,14567,85,17627,2109,google-auth,QmVLxbj4qqFXxxT5AXmS9kvLUnmutKv3xePbGHuQMr1Qwh
65536,27586,1,5,11449,0,6,0,216.087890625,216.017578125,0,11439,105,85,6137,443,protobuf,QmeGFwN5GHhjdeEbZRXqYQ62yctHjW3YxCb89bVFNLmQdv
131072,79742,1,4,0,3,2,10,218.056640625,217.986328125,110149,28591,21797,85,17627,2109,databricks-sdk,QmUDZyt17Sc3HTTyyuXTkiU5tJK4bzHjnyYJ2UfF7kptti
65536,27999,1,6,11600,0,1,0,216.087890625,216.017578125,0,11852,105,85,6137,443,annotated-types,QmT1wLDnXH5TXqQA2t4C5HCXQ2JQwgutDbPNFjCkFG7arA
131072,47579,1,6,0,1,1,1,218.056640625,217.986328125,72261,17439,7337,85,11914,1280,pydantic-core,QmfN9yJoHE35dsGNwxF9VYr2S1XbW9KNiFp4XAqBqi9mBj
131072,47398,1,6,0,1,2,1,218.056640625,217.986328125,72010,17245,7350,85,11914,1280,typing-inspection,QmPztKtAFZPySWdeZ1qxVBhXpyrBECVz6dkfHqZTSCv31L
262144,98657,1,5,0,4,6,4,218.056640625,217.986328125,163015,33734,29027,85,23340,2938,pydantic,QmahhNZjoHMKwvc6ixWjGXvt7QxUP2kFxU5i6qRPfzQ2nB
131072,47382,1,5,0,1,1,2,218.056640625,217.986328125,56171,17229,7350,85,11914,1280,starlette,QmePapTSujiQoUrsTnXTmDVu4Z2bfu5h4Tb5wNdiDLynSz
262144,111694,1,4,0,5,1,9,218.056640625,217.986328125,181460,39525,36257,85,23340,2938,fastapi,QmaoT4e9yJxc8QXrT3bzCWTX671zh9CPXeEeBydXy52vf9
65536,27769,1,6,11395,0,1,0,216.087890625,216.017578125,0,11622,105,85,6137,443,smmap,Qme3mTqqSFasbKxQ1o4vv1egjEToHjkWAFN4sDdJfaZweY
131072,47562,1,5,0,1,1,1,218.056640625,217.986328125,74010,17422,7337,85,11914,1280,gitdb,QmYBfqBVbmAWg1KGLA6mDxoTcJnbvkQSh9SE1b3FGHnT7b
131072,47571,1,4,0,1,2,2,218.056640625,217.986328125,56498,17431,7337,85,11914,1280,gitpython,QmRKaQtsMSTHnCk2ivaPUHTidaRAvmped1AAwoTxaWp2oK
65536,27577,1,8,11130,0,1,0,216.087890625,216.017578125,0,11430,105,85,6137,443,zipp,QmVFFzdrj2e9QH8vz92uHxv5JWCqxJfso9Xs7LT8pWysf5
131072,47587,1,7,0,1,3,1,218.056640625,217.986328125,71780,17447,7337,85,11914,1280,importlib-metadata,QmYtggT6DcZy2iWfhyK5qxYfRCXVLrJbnt9gLUn3D7c1qs
131072,66934,1,6,0,2,4,3,218.056640625,217.986328125,91360,23013,14567,85,17627,2109,opentelemetry-api,QmUCPah5tTxsE9ZMvVfchtAForzhcXzMxC3iRPQQqdkkTp
131072,66978,1,5,0,2,1,4,218.056640625,217.986328125,91954,23057,14567,85,17627,2109,opentelemetry-semantic-conventions,QmRw4A3Mmw55ds22Ad3JDmN6xf7rgi9Jyy71zgX3juiKXW
131072,79730,1,4,0,3,2,5,218.056640625,217.986328125,107697,28579,21797,85,17627,2109,opentelemetry-sdk,QmTu45c9wyG4cPZ95FKq8k21H8uCWFysNgFsUnEj129cbr
65536,27767,1,4,11665,0,1,0,216.087890625,216.017578125,0,11620,105,85,6137,443,sqlparse,QmV2h8LH9EFJPHpYBzcdyxnXjwsqZk6m5UjLTb1EAY9zp8
131072,66929,1,4,0,2,1,2,218.056640625,217.986328125,109495,23008,14567,85,17627,2109,uvicorn,QmW4tR7MK1V2YMNRe8ZinQo2gbJE79XKfZQBJtNG5wEraR
524288,278558,1,3,0,17,1,36,218.056640625,217.986328125,534744,106292,123238,85,34766,4596,mlflow-skinny,Qmb5tNYKuvqTj7cqgjVNUXAUKHud7pFKLKzoEe3YvVVHJk
262144,137464,1,3,0,7,1,23,218.056640625,217.986328125,236214,50835,50717,85,23340,2938,mlflow-tracing,QmTaFBw9UkQyoTM8w7ySLLNJ8YskiDNtYR1LgvAZR43uSw
262144,182377,1,2,0,10,1,63,218.056640625,217.986328125,255455,67516,72407,85,29053,3767,mlflow,QmcXH6kXzn13uXNX26xdFhpuwkfpDnQKnnhxJe297zuqde
65536,27767,1,2,11466,0,1,0,216.087890625,216.017578125,0,11620,105,85,6137,443,pybind11,QmZoZ96UEojkyqiBLSmee9Dd8a1iBD73XVBSdFzQLiV1RA
65536,27992,1,2,11187,0,1,0,216.087890625,216.017578125,0,11845,105,85,6137,443,torchao,QmZwUhSLHXvZdr48hBd21LUBSTX77rvdck7c4p5pa7fKCt
131072,66918,1,2,0,2,1,5,218.056640625,217.986328125,90588,22997,14567,85,17627,2109,torchdata,QmY445VoucHQyHVQA9sAQo9PCLKrtG67Q6zNJUZRrHBqwk
65536,27767,1,3,11006,0,6,0,216.087890625,216.017578125,0,11620,105,85,6137,443,regex,QmS3qf5kjdrZ5ENemYMuMZ3jvumHvw81Vh81k6ebtaucsd
65536,27991,1,3,11097,0,3,0,216.087890625,216.017578125,0,11844,105,85,6137,443,safetensors,QmcRCYGMHVwmxb2VgkBg3212Y5JVV9nf3gdcqjtHMFKyo9
131072,47581,1,3,0,1,1,27,218.056640625,217.986328125,56084,17441,7337,85,11914,1280,tokenizers,QmWP3fxYyjznud8CXrQ4uMGKjccaPcJfTn6XdWvLYDZ6NR
262144,156622,1,2,0,8,2,30,218.056640625,217.986328125,284042,56221,57947,85,29053,3767,transformers,QmYjkiQPANQ65sbzdMRaqCw7xWa3sMM4buHo6gtxWQhQVr
131072,66928,1,3,0,2,1,2,218.056640625,217.986328125,106212,23007,14567,85,17627,2109,sentry-sdk,QmYj43CNXhbqfNvzfZ6cMWcZJx9HjdbGHEMkQeGcHJ4GMm
262144,182377,1,2,0,10,1,19,218.056640625,217.986328125,334502,67516,72407,85,29053,3767,wandb,QmX1BfRLfihni3fNDcqLXuTNs3MDVMK6a6VUwxX2FsQwCZ
262144,194803,1,1,0,11,1,100,218.056640625,217.986328125,320244,72712,79637,85,29053,3767,nemo-automodel,QmZLHdENwcKzxMMQCajNnjbDRD5Lc98Y7SLYH5LthhN72Z
65536,27981,1,2,11051,0,1,0,216.087890625,216.017578125,0,11834,105,85,6137,443,catalogue,QmRk8eakMC7SwRf6vqQFrJeZU56V9ziHiaSowVf83evPWG
65536,27769,1,4,11336,0,1,0,216.087890625,216.017578125,0,11622,105,85,6137,443,wrapt,Qmcq5FmfUdFMstFvBh5rtYRED7i8Eg9cMXPDsxoQRqJBLj
131072,47571,1,3,0,1,1,1,218.056640625,217.986328125,72606,17431,7337,85,11914,1280,deprecated,QmYYDNRzanjh8Px7Q5gDCy5mrQsgefLD5KVLDdCZASFK73
65536,27972,1,4,11254,0,2,0,216.087890625,216.017578125,0,11825,105,85,6137,443,invoke,QmNqQgqmjYbASToNHnkTetZoCMjMvfxXV8VD7p2KRgesWU
65536,27972,1,4,11384,0,1,0,216.087890625,216.017578125,0,11825,105,85,6137,443,bcrypt,QmZDVxSxGjKKjPWB86TydikH37dtEZHTpsXBMvDrpmZDam
65536,27972,1,4,11476,0,1,0,216.087890625,216.017578125,0,11825,105,85,6137,443,pynacl,QmXdwFSXPTRwcjh1jkjMiX1a5SHeRJ1rUa6bSeknGAUUhX
262144,98838,1,3,0,4,1,4,218.056640625,217.986328125,198594,33915,29027,85,23340,2938,paramiko,QmQBFiL2Erb9oE1CG68Kg1oqNXaYQ9JCjoCzyVE7hXQgb2
262144,99043,1,2,0,4,1,8,218.056640625,217.986328125,162534,34120,29027,85,23340,2938,fabric,QmQuaaJxPMxJc2MuVFjevFHgmsFDwFa7HjrXzmL5KXFngR
65536,27982,1,3,10848,0,2,0,216.087890625,216.017578125,0,11835,105,85,6137,443,absl-py,Qmbb8Fe6qvqkzVJBM6btJ2Ct8jjW9VjpbKVt9zgN4woCAK
65536,27565,1,3,10979,0,1,0,216.087890625,216.017578125,0,11418,105,85,6137,443,graphviz,QmRT8iATS3437ozD7e8z64haiQoWQGTbudNMof5UvCa7yR
65536,27972,1,3,11441,0,1,0,216.087890625,216.017578125,0,11825,105,85,6137,443,libcst,QmeeWTULdX114NxWL67xTh39K64qmk1Z6Ri3ua8RNtc2Uk
262144,99043,1,2,0,4,1,4,218.056640625,217.986328125,198914,34120,29027,85,23340,2938,fiddle,QmV17heHoZhu67aWHimVWXj1s3ndgbHf5bMNR28nnvqS8g
65536,27792,1,3,11126,0,1,0,216.087890625,216.017578125,0,11645,105,85,6137,443,pfzy,QmVdSoYcuwUbiQi72zmrc7z8aNEtDYGeZRwRx2AbbFThC3
65536,27982,1,4,10951,0,1,0,216.087890625,216.017578125,0,11835,105,85,6137,443,wcwidth,QmW36cY5E32tzAmG3w3bXdBWGiQHoznM6VVzPwTFXgVkys
131072,47589,1,3,0,1,1,1,218.056640625,217.986328125,72871,17449,7337,85,11914,1280,prompt-toolkit,QmQPQiHrdTwPPHaPcHcaeJ5zXpb79maJDaTtGnFZ9uxRgG
131072,66918,1,2,0,2,1,3,218.056640625,217.986328125,92517,22997,14567,85,17627,2109,inquirerpy,QmZWGoYjGijMgeRYBcG9pmuCrpw4yEZ6yrGmD4BY5eco3g
65536,27602,1,3,11362,0,1,0,216.087890625,216.017578125,0,11455,105,85,6137,443,docstring-parser,QmUbqLUY1cAP4mHkfLZ1fFxwyyHUVsJdaciYNHxVVeHGmA
131072,66926,1,4,0,2,1,2,218.056640625,217.986328125,106790,23005,14567,85,17627,2109,typing-inspect,QmarfEoRArDJubXdbHBs9Q7AJq8GG61JJsVmnjh57MATZc
131072,66946,1,3,0,2,1,3,218.056640625,217.986328125,90134,23025,14567,85,17627,2109,pyre-extensions,QmWVS7fUfu7JTPtUoHzygUAr5JYaQ8esuYyJT6PdKZAkrv
262144,169581,1,2,0,9,1,25,218.056640625,217.986328125,306734,61950,65177,85,29053,3767,torchx,QmPZDHMfX7avf2yF13dbrXbjrbK1yq1qFy6SoDRUyubKBu
262144,194968,1,1,0,11,1,55,218.056640625,217.986328125,303893,72877,79637,85,29053,3767,nemo-run,QmQHyo4coFCG7G9eTeW5pLHFJnDevb2R3pEu8tnZ9JytVr
65536,27826,1,1,11043,0,1,0,216.087890625,216.017578125,0,11679,105,85,6137,443,nemo-text-processing,QmTtoYnxZGSPAgX62xFa8MXoYErBC9SbLks2nqXP8U1bAd
65536,27788,1,1,10896,0,1,0,216.087890625,216.017578125,0,11641,105,85,6137,443,nemo-toolkit,QmQuUb1BkkeZqym5azMSBkVqYMZfLgc7tx6zkum1JRuCf8
65536,27767,1,1,11049,0,1,0,216.087890625,216.017578125,0,11620,105,85,6137,443,networkx,QmQJZVn1c3TLhMCmGeLgXgbavK6MG1nKrqqqYmEoZefujT
65536,27767,1,1,10918,0,1,0,216.087890625,216.017578125,0,11620,105,85,6137,443,networkx,QmQ4PLynShPKVF2VVGwbmK5wK6aNFr81HgQh6GvRzcTfT4
262144,98863,1,1,0,4,1,4,218.056640625,217.986328125,195692,33940,29027,85,23340,2938,nltk,QmS47iDcP1sZ1Qh663SsSF3rS5Ujhobj6dxfkCTVX3dne8
131072,47581,1,1,0,1,1,2,218.056640625,217.986328125,54995,17441,7337,85,11914,1280,numba-cuda,QmYSe9cDaYkffzKewotEBWv56Xmkm3sRWHvvxT6uskrvX7
131072,47382,1,2,0,1,1,1,218.056640625,217.986328125,74919,17229,7350,85,11914,1280,cuda-core,QmNQELCP6BpsfnePcjNwMG1Xct98TaixBod1RhWAbp8Zb1
65536,27804,1,3,11143,0,1,0,216.087890625,216.017578125,0,11657,105,85,6137,443,nvidia-cuda-cccl,QmTAXPvvt86LSx4fTzutkwqxzM9TjSWELmM7W8GbkDZgFi
65536,28007,1,3,11501,0,1,0,216.087890625,216.017578125,0,11860,105,85,6137,443,nvidia-cuda-nvrtc,QmWx5zAmdm4TPCS4V73Este12dC8cZpAEXQg8G1NjMjW8V
65536,27802,1,3,11720,0,1,0,216.087890625,216.017578125,0,11655,105,85,6137,443,nvidia-cuda-runtime,QmcU43WEckSr8ZXE7qS2ThGfoD24pYEVoonR8X7i9kSJXG
65536,27786,1,3,11164,0,1,0,216.087890625,216.017578125,0,11639,105,85,6137,443,nvidia-nvvm,QmYdMrGBcT6YRgMsUEj7v7K4FHtrphYo1WqACkYk5YdjX1
262144,98665,1,2,0,4,1,4,218.056640625,217.986328125,196128,33742,29027,85,23340,2938,cuda-toolkit,QmRHFcoHtZVaEPz1V9BXU1wMNPBgroxybZqU6KeT5JPVPM
65536,27804,1,2,11742,0,1,0,216.087890625,216.017578125,0,11657,105,85,6137,443,nvidia-nvjitlink,QmQ98QgtkQ3YduwLYFUXqBMBWGkNrree3eRoULc9Cp2AY8
262144,137466,1,1,0,7,1,12,218.056640625,217.986328125,254702,50837,50717,85,23340,2938,numba-cuda,QmViEdynJhJLu4p5PMRg2xjq4HjTHq6ZsU8CfJYXCubhVn
65536,27992,1,1,10886,0,1,0,216.087890625,216.017578125,0,11845,105,85,6137,443,numexpr,QmYZzzVoCXjuKNRtBgkgVya7q9taGJf6hRJ1wLFjzG1kaz
65536,27769,1,1,11387,0,1,0,216.087890625,216.017578125,0,11622,105,85,6137,443,numpy,QmbaNFsvkcEjHeRCZx5kXJh2freai9BiMob9jfYVsi4Czr
65536,27769,1,1,11049,0,1,0,216.087890625,216.017578125,0,11622,105,85,6137,443,numpy,QmawoL6kBVSVBgUi5VPHr7TAakBTCUy7TmzyTgUEmvoEn8
131072,66954,1,5,0,2,3,2,218.056640625,217.986328125,108385,23033,14567,85,17627,2109,lightning-utilities,QmcZo8wmYY7P7zp3UpxveePpBYzc1oudn41bakQF8eQuDt
131072,66746,1,4,0,2,2,3,218.056640625,217.986328125,90910,22825,14567,85,17627,2109,torchmetrics,QmUt8jfnxs23gpdzL6Xr1AZ2PCyu6fq9LKxEsoP5MvRPUT
262144,137361,1,3,0,7,1,16,218.056640625,217.986328125,250240,50641,50808,85,23340,2938,pytorch-lightning,QmZcVBpvdkQJ1YLR6cY1VQUBAU6jFz1BYm3Sp3eEWKSAkS
262144,156696,1,2,0,8,1,17,218.056640625,217.986328125,268188,56191,58051,85,29053,3767,lightning,QmYuscczzFre6xPeoF5Gvoj52bW8P8dEEtHWmbNHEoQTAc
65536,27779,1,4,11017,0,1,0,216.087890625,216.017578125,0,11632,105,85,6137,443,overrides,QmVK6eWZcvmi8SA5mv5VWXM71ua5BPn3cdAswQg3rZvuvi
65536,27992,1,4,11279,0,3,0,216.087890625,216.017578125,0,11845,105,85,6137,443,strenum,QmdRza2bkBYZrkqrxzb4h1oK6ASS8aa9bnaqKpu3X5hrQR
65536,27577,1,4,11084,0,1,0,216.087890625,216.017578125,0,11430,105,85,6137,443,toml,Qmcp7xLsu7w9DAfm7rx5yt5HrY2U1YC4RwhsqWrKcaWCoP
262144,111880,1,3,0,5,2,8,218.056640625,217.986328125,213760,39711,36257,85,23340,2938,nv-one-logger-core,QmUuLYFM7TuxTTZLXhUva3ziVjc23YtC1yxAuXSrdhjtsH
131072,79551,1,2,0,3,1,9,218.056640625,217.986328125,124819,28400,21797,85,17627,2109,nv-one-logger-training-telemetry,QmUtQJShemKPGhJMdy3SpRTVc8LWH3YXuYyChRKCcwJ7R9
65536,27991,1,2,11671,0,2,0,216.087890625,216.017578125,0,11844,105,85,6137,443,setuptools,QmfWAScojKZTQ1qcwhpDzcrZ2bGda8faHVrXWx48gk4wPg
262144,111942,1,1,0,5,1,28,218.056640625,217.986328125,178497,39773,36257,85,23340,2938,nv-one-logger-pytorch-lightning-integration,QmRJgmpmKpaHSJmYe5Y4nDL7mjqe1LeLMWgk4D8Gis4GaX
65536,27577,1,1,11211,0,1,0,216.087890625,216.017578125,0,11430,105,85,6137,443,nvidia-cublas-cu12,QmQ8xtuv6SwhNH3h1YCh2pXoHKZPRfkznEwazameKWChiU
65536,28026,1,1,10766,0,1,0,216.087890625,216.017578125,0,11879,105,85,6137,443,nvidia-cuda-cupti-cu12,QmU8un5MoRz8bTK8USETzoCoy9CMcN842edHWaJ3TYJazW
65536,28026,1,1,11108,0,1,0,216.087890625,216.017578125,0,11879,105,85,6137,443,nvidia-cuda-nvrtc-cu12,QmaVqxCbgozHjNMV1ZMLX6jQADBrz6a56Z5oHJzVizgrBP
65536,27822,1,1,11270,0,1,0,216.087890625,216.017578125,0,11675,105,85,6137,443,nvidia-cuda-runtime-cu12,QmNs4GH47kLmhsME9rpLBpHus3RNGpXC9UuAoZ9eGkjz7R
65536,27770,1,1,11478,0,1,0,216.087890625,216.017578125,0,11623,105,85,6137,443,nvidia-cudnn-cu12,QmdxLTUMFpAgk9jSvZFnz19pHfuSz2miy8NawbG9LC5Jyj
65536,27792,1,1,11460,0,1,0,216.087890625,216.017578125,0,11645,105,85,6137,443,nvidia-cufft-cu12,QmczLmDqDEbHPjhgw6G1HnqW2wkfLEfDt1Frd5eCDzEg1q
65536,27577,1,1,10683,0,1,0,216.087890625,216.017578125,0,11430,105,85,6137,443,nvidia-cufile-cu12,QmY9HFaXoVPXEJLtDYm3uXLsh66etbhfauRxdWofNrVmaT
65536,27983,1,1,10726,0,1,0,216.087890625,216.017578125,0,11836,105,85,6137,443,nvidia-curand-cu12,QmSUmQo5o3CQboZJ1rCr9PCYzq3rUHeapsSTzqs2oFtJa6
65536,27802,1,1,10805,0,1,0,216.087890625,216.017578125,0,11655,105,85,6137,443,nvidia-cusolver-cu12,QmeHyNkWuKLyrFBRjMq9GeGpA3sNegL45vjtCruoZhcj6T
65536,27621,1,1,11100,0,1,0,216.087890625,216.017578125,0,11474,105,85,6137,443,nvidia-cusparse-cu12,QmUim5Z1YmFxhB5UsfpkwPhiGVZWuKZTFruZrw6v7tJ4pq
65536,28006,1,1,11250,0,1,0,216.087890625,216.017578125,0,11859,105,85,6137,443,nvidia-cusparselt-cu12,QmYxTjYj36qKRPSsj22AHPmffm9Vr7ZKKjbtoJmb2EZ3Wg
65536,27602,1,1,11095,0,1,0,216.087890625,216.017578125,0,11455,105,85,6137,443,nvidia-nccl-cu12,QmbFciWUth5A9zY1M2R2BD1dUFggxuoYfSqU692pPeDgUT
65536,28016,1,1,10977,0,1,0,216.087890625,216.017578125,0,11869,105,85,6137,443,nvidia-nvjitlink-cu12,QmYM4Zw68bepMBYehmVj6sfyh8vNXM5CMWLWc36pse8dfz
65536,28017,1,1,11266,0,1,0,216.087890625,216.017578125,0,11870,105,85,6137,443,nvidia-nvshmem-cu12,QmVzfQnXpTJQQ1dioCJ3M8CPzR7nMhnuSHsECRG5BojhCo
65536,27804,1,1,11446,0,1,0,216.087890625,216.017578125,0,11657,105,85,6137,443,nvidia-nvtx-cu12,QmZYc9cmzaM1KjY3MRup8sWwkdxhbvePs3HPiUqhTko8wA
131072,47597,1,3,0,1,1,1,218.056640625,217.986328125,72796,17457,7337,85,11914,1280,accessible-pygments,QmWvi1WAQTPwDuAZkXYYYvcZWqjUxo4Biayz7gKgMYwfKG
65536,27779,1,4,11333,0,1,0,216.087890625,216.017578125,0,11632,105,85,6137,443,soupsieve,QmfRDkJD3RxLDMsfrHuxL7gxNgcEYFEnaxiUowF6DCx9HZ
131072,66936,1,3,0,2,1,2,218.056640625,217.986328125,108820,23015,14567,85,17627,2109,beautifulsoup4,QmY38Kt6nBTs8pJH41W4sT2TMyvQUBvZ8qjWcoz3RoNnBe
262144,111900,1,2,0,5,1,6,218.056640625,217.986328125,196583,39731,36257,85,23340,2938,pydata-sphinx-theme,QmPAaq1mowRvg6SxDukd45dkbhNFpvNctV5a188DrKc4yD
131072,47402,1,1,0,1,1,7,218.056640625,217.986328125,55761,17262,7337,85,11914,1280,nvidia-sphinx-theme,QmQg9fFrGRn12S4qytbCm2JajAyD9rfz73pQbasNjXz8CD
65536,27779,1,2,10991,0,1,0,216.087890625,216.017578125,0,11632,105,85,6137,443,ml-dtypes,QmSUDdkuReLyJLnJeJ9u9VWg88p3Ad4W8TNdQCxXwwq5Cr
131072,79310,1,1,0,3,1,3,218.056640625,217.986328125,143272,28159,21797,85,17627,2109,onnx,QmeF55XgNygu1ywwXWH2My2KPq6RFqCrjfGbU31poGpd4G
65536,27586,1,2,10757,0,1,0,216.087890625,216.017578125,0,11439,105,85,6137,443,colorlog,QmSAj86aowpBQHxcAVCuMsA6KunRTBWvkiQnQHpEpQHECd
262144,124651,1,1,0,6,1,9,218.056640625,217.986328125,235462,45252,43487,85,23340,2938,optuna,QmdHmbHWW8ut6TUw7rLNiGhnzWUjEKBDgtQmpvz4Efvy58
65536,27786,1,1,11407,0,1,0,216.087890625,216.017578125,0,11639,105,85,6137,443,parameterized,QmXnnCRhxNDfJBF8EtypK5AdtvHt2HLFZs6xXwBWuWEVdK
65536,27972,1,3,11229,0,2,0,216.087890625,216.017578125,0,11825,105,85,6137,443,psutil,QmTPUxN5AqZXrNDtLfW5K6ig85tRHxFzJ326DfQKp5jb4Z
262144,111874,1,2,0,5,1,29,218.056640625,217.986328125,212683,39705,36257,85,23340,2938,accelerate,QmXnDzj5LGMfEiDrL6ykCB5uauvZyQv7agApnTw52sYUCw
262144,156390,1,1,0,8,1,33,218.056640625,217.986328125,287658,55989,57947,85,29053,3767,peft,QmSNFLmZRrZayLsskqzny3wrwk3tdktTgZP7dsrJBa3wbH
65536,27792,1,1,10959,0,1,0,216.087890625,216.017578125,0,11645,105,85,6137,443,pesq,QmXgvq6ftYRr27y77hXx7n5EQcKvgeB3g4MmTbocQVX7ea
65536,27982,1,1,11417,0,1,0,216.087890625,216.017578125,0,11835,105,85,6137,443,pexpect,QmSk51U1bxR55Ywys39W8r59Ra4w4dym236Ux1kWjqCuWs
65536,27767,1,1,11036,0,1,0,216.087890625,216.017578125,0,11620,105,85,6137,443,progress,QmVWVjbc2qxMpRdoDw14Jq7TN17ec5rVotftPQoYA4ZYPF
65536,27981,1,1,10948,0,1,0,216.087890625,216.017578125,0,11834,105,85,6137,443,ptyprocess,QmZfmunkG4san8uoaifLU86xrey6VcEAqvgtyMrwfDvNR9
131072,66749,1,3,0,2,2,6,218.056640625,217.986328125,91209,22802,14593,85,17627,2109,pyannote-core,QmT13uBZbh5Yb5S2uKSj3sakMRiQhKHEz8LX3TsRL1D9pB
131072,79567,1,2,0,3,1,8,218.056640625,217.986328125,109275,28377,21836,85,17627,2109,pyannote-database,QmSRJQXf7m8Xaos5ont5FKv6wr6AtAzKELySMCUAb7R9Ug
131072,79517,1,1,0,3,1,9,218.056640625,217.986328125,90361,28366,21797,85,17627,2109,pyannote-metrics,QmapMbaH2C58aJpEthzY6cY3QRMKwkJaUXtNoxDJaQaGyE
65536,27991,1,2,11326,0,1,0,216.087890625,216.017578125,0,11844,105,85,6137,443,pycountry,Qma1vLdze8kAUcabEYnojD96uAHXJmT3JH4Z4mTrLn5Hon
131072,79344,1,1,0,3,1,6,218.056640625,217.986328125,128856,28193,21797,85,17627,2109,pydantic-extra-types,QmR6NiyCUam13yyz34AecuUFgrfrSeZZ5TEj8SFykA6hXM
65536,27972,1,1,11173,0,1,0,216.087890625,216.017578125,0,11825,105,85,6137,443,pydub,QmQZnDrzh2psWwqqwsqRq7DZGAubMS4rfSwTWKP4g9WSxP
65536,27981,1,1,11462,0,1,0,216.087890625,216.017578125,0,11834,105,85,6137,443,pyloudnorm,QmUXsbGzB2JpvaZRgWVd1XCtiJhBTBQNj4UWZhnW8MpDe7
65536,28001,1,1,11031,0,1,0,216.087890625,216.017578125,0,11854,105,85,6137,443,pynini,QmesTigSUYTWaqBtoWQVC3a2KnwaUxXYFR36yMQ4J95Zc2
131072,47581,1,1,0,1,1,1,218.056640625,217.986328125,72055,17441,7337,85,11914,1280,pyopenjtalk,QmYw2DuQ5uJmcpeTdHG6AvgRxM35DZM9peoVQEGjyUVPgV
65536,27586,1,2,11540,0,1,0,216.087890625,216.017578125,0,11439,105,85,6137,443,pypinyin,QmYqnSG4TfqjcSkn3Godsrd7YRVTvdgkqy9gtGwXkrdRR2
131072,47389,1,1,0,1,1,1,218.056640625,217.986328125,73572,17236,7350,85,11914,1280,pypinyin-dict,QmXH2SSUoGf5QZ3S7QN8evLW94JQ9zRHP9agcKmP7Z7rub
65536,27972,1,1,10674,0,1,0,216.087890625,216.017578125,0,11825,105,85,6137,443,pystoi,QmaWoebz4jkARAGwFoxH8FqpnyMjMWst7KtuPq9ZA8ZiNT
131072,47398,1,1,0,1,1,2,218.056640625,217.986328125,56934,17245,7350,85,11914,1280,pytest-httpserver,QmRUiftZ4S1ExpvfyUGEZfmAVh8G7UNJbhmRMobKMAdcNh
262144,99043,1,2,0,4,1,4,218.056640625,217.986328125,198306,34120,29027,85,23340,2938,pytest,QmQ1jrs3qF8BfWctPJnGtZHgjA289b2Q1EjjU8PVkCikd9
131072,47591,1,1,0,1,1,5,218.056640625,217.986328125,57642,17451,7337,85,11914,1280,pytest-mock,QmaUNyKdoW12RPLSe8cEuJUkvTH69WeuadZ6StQ3f65vAW
65536,27786,1,1,11142,0,1,0,216.087890625,216.017578125,0,11639,105,85,6137,443,pytest-runner,QmaKzfTPK9seSATxnqGhkp6piNnDWio5sug5KfEtFXLUpk
65536,27779,1,1,11044,0,1,0,216.087890625,216.017578125,0,11632,105,85,6137,443,pyyaml-ft,QmTgYvzWoXCwnQPMQXNy2EENcaEx2kmzKzLet2kRGSaLoP
131072,47572,1,1,0,1,1,2,218.056640625,217.986328125,55081,17432,7337,85,11914,1280,resampy,QmZoxtKQ5B88rekYhqhN3L9TvqyC7GEr4jy5GEjKLiufFt
65536,28001,1,1,11143,0,1,0,216.087890625,216.017578125,0,11854,105,85,6137,443,ruamel-yaml,QmW51g7dAt1nZbuKiorRKgyEEUMbChDFyvC7J3gKfq65c9
65536,27792,1,2,11302,0,1,0,216.087890625,216.017578125,0,11645,105,85,6137,443,lxml,QmQf9vQJdqgqXtYiL3XBJXbyu2ngYL3SEd6jNfj8ovXnXs
65536,27991,1,2,10896,0,1,0,216.087890625,216.017578125,0,11844,105,85,6137,443,portalocker,QmRTcEuYYAaJiR47xxLQHxBcHuRSAuSKfbc3RYEXN5c4Mz
262144,111727,1,1,0,5,1,5,218.056640625,217.986328125,232266,39493,36322,85,23340,2938,sacrebleu,QmREk77AVFj8X8Q9ub5qYoz2opDj4PrGRgn3TcR3fSo3L1
262144,99052,1,1,0,4,1,4,218.056640625,217.986328125,195007,34129,29027,85,23340,2938,sacremoses,QmaN6a8BUpnNnjAJHXGQaM1o6RUAuAQedcrD5PYtEhH3FR
65536,27809,1,1,11342,0,1,0,216.087890625,216.017578125,0,11662,105,85,6137,443,scikit-learn,QmToREi55irTMDeStpiUfFUshvDeD9PR1uAe3NKCtCgp13
65536,27809,1,1,10653,0,1,0,216.087890625,216.017578125,0,11662,105,85,6137,443,scikit-learn,QmeRbstFBs3BhVWb5racEZTa7wVNDF1yirK3FUc9SUdDkj
65536,27972,1,1,10960,0,1,0,216.087890625,216.017578125,0,11825,105,85,6137,443,scipy,QmWA6qNYRcLN26GcM9vRaKryUCqfXRPCHsbDWCQLjv9U8H
65536,27972,1,1,11835,0,1,0,216.087890625,216.017578125,0,11825,105,85,6137,443,scipy,QmNSseoZBXJP8ZJunb55PaLQtii6qpBFu2QoHYaAGdC77F
131072,66929,1,1,0,2,1,12,218.056640625,217.986328125,74761,23008,14567,85,17627,2109,seaborn,QmWFjuoeLNCoUhL48ACsuKCU7kLF5Xk2cHQHCk96Uzyehb
131072,47563,1,1,0,1,1,1,218.056640625,217.986328125,73460,17423,7337,85,11914,1280,sox,QmdzFGyYjERpw2J98qxNtCKGMc4z7ndFoXr5rjiMnsi1sg
65536,27972,1,1,10729,0,1,0,216.087890625,216.017578125,0,11825,105,85,6137,443,sphinx,QmdCZypeb1u7qrDbFatGi8qYbp2Q48uAZegsLfW9C1vpe8
65536,27972,1,1,11093,0,1,0,216.087890625,216.017578125,0,11825,105,85,6137,443,sphinx,QmbuMguCESkU1dasmSns8bjCSbybjbbYWK36CoBm4XsMbL
65536,27972,1,1,11182,0,1,0,216.087890625,216.017578125,0,11825,105,85,6137,443,sphinx,QmdtTUhTVyVezPpwq1o9o1SP4nphg3UoREd54sLZtQ8ZeD
65536,27792,1,1,10587,0,1,0,216.087890625,216.017578125,0,11645,105,85,6137,443,sphinx-autobuild,QmUkjpeTDsdL6k98TWZd9aiPRksgw2tB2Gw3hAFsnPzRPa
65536,27792,1,1,11373,0,1,0,216.087890625,216.017578125,0,11645,105,85,6137,443,sphinx-autobuild,QmaNej37QYzBHyyBTJUdsaUhB4fnVun15ggk5W2Qa7D17n
65536,27992,1,2,10757,0,1,0,216.087890625,216.017578125,0,11845,105,85,6137,443,astroid,QmYoxZP9gNy3LdamLGQdmq4cPTYq2iTVf9stNhhT7My7jZ
131072,66936,1,1,0,2,1,2,218.056640625,217.986328125,106556,23015,14567,85,17627,2109,sphinx-autodoc2,QmUT7ALk82BzPcvHBXm1fcsXK3b5UaeKHNnA1tuSA8P4Ht
65536,27795,1,1,11557,0,1,0,216.087890625,216.017578125,0,11648,105,85,6137,443,sphinx-copybutton,QmVNWtk7cLBg5oUFLNtukUyPrcq9UiRfRbrnrkVPrRqZfY
65536,27981,1,4,11044,0,1,0,216.087890625,216.017578125,0,11834,105,85,6137,443,latexcodec,QmTUqsi14NbXxziNDABB16qELTrkxiM3xvgJAF5nYKikrB
131072,66919,1,3,0,2,2,2,218.056640625,217.986328125,109240,22998,14567,85,17627,2109,pybtex,QmPAXNjBPNRgP31X2WitaDGYWBzTmvKk2WYgAGWxcGPFZ9
131072,47589,1,2,0,1,1,3,218.056640625,217.986328125,55283,17449,7337,85,11914,1280,pybtex-docutils,QmP9buQnCB94uggvu5rhPz2ub1TcAcjqLYYLmdRjcNf8ip
131072,66763,1,1,0,2,1,4,218.056640625,217.986328125,73422,22842,14567,85,17627,2109,sphinxcontrib-bibtex,QmbMYu1m5aYYoqxAi2hyB3YoiTdCixk32zXsq2wg1YLXzW
131072,66766,1,1,0,2,1,3,218.056640625,217.986328125,91862,22819,14593,85,17627,2109,sphinxcontrib-mermaid,QmchtLN5mroXRHksieQ1XzLsCVF3eiW7GCAk9j2m2Q2xjz
65536,28017,1,1,11614,0,1,0,216.087890625,216.017578125,0,11870,105,85,6137,443,sphinxext-opengraph,QmTn2o1rf44y4ub8qjFcec285JvRa8V6917rSun4j7sGd6
65536,27779,1,2,11233,0,1,0,216.087890625,216.017578125,0,11632,105,85,6137,443,asttokens,QmbChAZUu2rmLjkGSyTy3AZ2WmtTMRry5uNGnLDMSqVQGA
65536,27779,1,2,11428,0,1,0,216.087890625,216.017578125,0,11632,105,85,6137,443,executing,QmdA4xzNFoSWsMEyX7tTMk4RKsqmdtEffV3z9yXAbvNd9x
65536,27779,1,2,11624,0,1,0,216.087890625,216.017578125,0,11632,105,85,6137,443,pure-eval,QmdwBE3mdVBiKMCBkg91p6mzm6TCGpHVj8KBaPu9195HjX
131072,79714,1,1,0,3,1,3,218.056640625,217.986328125,143211,28563,21797,85,17627,2109,stack-data,QmRnBKvuqNqpKPdTDTzN2F2XZ7uWdnS5e2f88vPESngSzW
65536,27989,1,1,10921,0,1,0,216.087890625,216.017578125,0,11842,105,85,6137,443,standard-aifc,QmQsZRpMJnkA4f4Lsrg5zAj6V3tDA69giPMAWYivnWd4US
65536,27999,1,1,11197,0,1,0,216.087890625,216.017578125,0,11852,105,85,6137,443,standard-chunk,QmRdrfezMUJtTSLjfFktnZRobhbxN7b5Zpa1cNvhjsThAd
65536,27999,1,1,11398,0,1,0,216.087890625,216.017578125,0,11852,105,85,6137,443,standard-sunau,QmZTwnPtLAqAeJjaLhPupSfaD5MxNRKGNEr2er1iRsNE6v
65536,27972,1,2,10866,0,1,0,216.087890625,216.017578125,0,11825,105,85,6137,443,mpmath,QmYX2TTGmWbiFeZ3AgwwTRShcrVnCw25eSS5fisacUcicH
131072,47562,1,1,0,1,1,1,218.056640625,217.986328125,74185,17422,7337,85,11914,1280,sympy,QmTb6EnemmftcYWGcnTpSSWbrcHwrtoKJH5psjb54cqToX
131072,47572,1,2,0,1,1,1,218.056640625,217.986328125,72510,17432,7337,85,11914,1280,grpcio,QmWwHvEpNVygPAFqJbM8FFgw2kejPpG1PJoj1MbPVsf4XP
65536,27586,1,2,10763,0,1,0,216.087890625,216.017578125,0,11439,105,85,6137,443,markdown,QmXPjyJEMXdfWcjNKSSzxwGHK6tXzdyksRcspN2FPRG3df
65536,28016,1,2,11334,0,1,0,216.087890625,216.017578125,0,11869,105,85,6137,443,tensorboard-data-server,QmTDLybGAuaV1SqeRMME4bdXe1Vq2iUtcQ7XmeKKPSFe7m
262144,169610,1,1,0,9,1,11,218.056640625,217.986328125,337028,61979,65177,85,29053,3767,tensorboard,QmNdzQHsJMF5BvutuHf8S4YJrW9tXKaA2qmd7iZN9QbDHW
65536,28000,1,1,11607,0,1,0,216.087890625,216.017578125,0,11853,105,85,6137,443,text-unidecode,QmZK3CqnBsW3ccK3Atb6ZhJcKHNhiu461gRjyVfwLN6SJr
65536,27809,1,1,11482,0,1,0,216.087890625,216.017578125,0,11662,105,85,6137,443,textdistance,QmRQArFr1GMUTUF5twYzaonBkczEn5E8VTqGZd7pxmadrV
65536,27786,1,1,11401,0,1,0,216.087890625,216.017578125,0,11639,105,85,6137,443,threadpoolctl,QmNeEtHMoA4qvwJv7BG6sgZbeYX7FuZmBe3YAekppstmPN
131072,66523,1,1,0,2,1,6,218.056640625,217.986328125,90367,22602,14567,85,17627,2109,tiktoken,QmYH2iAo7ATnz1c6aMWVVQzJBRDojdJQkPNKyLtDR2Sw33
65536,27972,1,1,11005,0,1,0,216.087890625,216.017578125,0,11825,105,85,6137,443,torch,QmV8tNDvzN4f7CZ7iHtNtm7vUmU8PSzce8Wt8w9ohJdcr8
65536,27991,1,1,10979,0,1,0,216.087890625,216.017578125,0,11844,105,85,6137,443,torch,Qmf3accVmjXUSh9zBSM9FsJsfT9Kp9PY48MCp17JrBAUgQ
65536,27776,1,1,10945,0,1,0,216.087890625,216.017578125,0,11629,105,85,6137,443,torch,QmZ6Gj6m7ckzMsWm3TEbsctM8J2Vzsg4fQfLtkrkKLjKY9
65536,27972,1,1,11245,0,1,0,216.087890625,216.017578125,0,11825,105,85,6137,443,triton,QmWRYrT2i74cz9aYrY2JaoLErZ5qD7yzednrhyVT18JUXb
65536,27767,1,1,11198,0,1,0,216.087890625,216.017578125,0,11620,105,85,6137,443,waitress,QmbL62mPeVBNCGCiWSE9YTm2ZpZukZv4px84CKSWEdAZg7
65536,27991,1,2,11384,0,1,0,216.087890625,216.017578125,0,11844,105,85,6137,443,braceexpand,QmekihWhsj18TkyKVDQPesK8gh5GwajZCSm5Z7XDn9evXS
131072,66918,1,1,0,2,1,2,218.056640625,217.986328125,108023,22997,14567,85,17627,2109,webdataset,QmTPC2kc7AFHntcLYfUxSZXgj1RTpvbQgV6yLFnEzo2GDo
65536,27771,1,1,11814,0,1,0,216.087890625,216.017578125,0,11624,105,85,6137,443,wget,QmWfKcH86UtxwQ84zAnmjFafLwS7tzKoEzjVhtDXRtK5QR
65536,27784,1,2,11179,0,1,0,216.087890625,216.017578125,0,11637,105,85,6137,443,indic-numtowords,QmenM3nXbM2eAKdwnbbseAHJ7tdysUDxeZAZxTeyjEEtGV
131072,79740,1,1,0,3,1,3,218.056640625,217.986328125,143207,28589,21797,85,17627,2109,whisper-normalizer,QmaZQWDtNzQcQ18HETBx4XGepTvtHFBfZH2EiuA376BWTW
2359296,1974009,3,0,0,148,0,351,218.056640625,217.986328125,4800205,835190,1070147,85,51905,7083,NeMo,QmcxqRrJn1td34iWMRiyxwKg8iARGntSMmymtghREjw6q7
65536,28310,1,6,34860,0,2,0,216.150390625,216.048828125,0,11836,93,85,6138,443,six,Qmaxpojgt9rXLH9j6vJFexKLHBqLTmK4EKGrojWdWrBtKk
65536,28318,1,1,34700,0,1,0,216.150390625,216.048828125,0,11844,93,85,6138,443,audioop-lts,QmYzwULugoMuk21WZhf79iyZmv6dUCA6Gcnb8urhvZaxob
65536,28113,1,1,34821,0,1,0,216.150390625,216.048828125,0,11639,93,85,6138,443,async-timeout,QmXLo6tLUfofhufNgtjFPu7UfG5ScpsCN9iFGz9JvddWSH
65536,28106,1,1,35038,0,1,0,216.150390625,216.048828125,0,11632,93,85,6138,443,alabaster,QmPDz4at18LXeWcLz7YgswhMJDkFjdXSiHgSLQ9xvvbSV8
65536,28096,1,6,34174,0,10,0,216.150390625,216.048828125,0,11622,93,85,6138,443,click,QmR1tVFYoVT4jbmnsFCzBGVtyct4BPBZq9BLj78nTjsCKw
65536,28145,1,1,34431,0,1,0,216.150390625,216.048828125,0,11671,93,85,6138,443,backports-datetime-fromisoformat,QmWWTrCRH94cMEcGBRdHxbT5imAb6R5GDQhdXZQSanLucj
65536,28095,1,6,34172,0,26,0,216.150390625,216.048828125,0,11621,93,85,6138,443,packaging,QmNkmRh4hqsRj39arBByU7FdhXmCqdmpBRTo16R6Zm4vs2
65536,28326,1,5,34496,0,2,0,216.150390625,216.048828125,0,11852,93,85,6138,443,mypy-extensions,QmNminF42dsfjPpqLbRKXwyfJUW1KJMzvUi9VfLctKGKkt
65536,28094,1,2,33164,0,1,0,216.150390625,216.048828125,0,11620,93,85,6138,443,pathspec,QmNxzQLXoCzVFWQc7fHT3cr1nzCUPyipFCw6HpaNzfP87Z
65536,28094,1,1,33990,0,1,0,216.150390625,216.048828125,0,11620,93,85,6138,443,cdifflib,QmeNtnF1b6xD365dGFJcKkGXY325Te6UQ91zpTp2pyDvv4
65536,28106,1,1,33881,0,1,0,216.150390625,216.048828125,0,11632,93,85,6138,443,contourpy,QmVjkmRh2Z7JR6TzRiqJvoDprTJ81xFy8Khc44375H73U5
65536,28136,1,3,34381,0,3,0,216.150390625,216.048828125,0,11662,93,85,6138,443,platformdirs,QmT5Hwq1gvNTM5hcZmohmuwvDfY4wcvrBRGsnE4FuadL2i
65536,28106,1,1,29603,0,1,0,216.150390625,216.048828125,0,11632,93,85,6138,443,contourpy,QmRFWkAmHRJo4nJ1vqTcqDiD53Fa8fWhAPEWnY3bm7CrKV
65536,28095,1,2,34011,0,1,0,216.150390625,216.048828125,0,11621,93,85,6138,443,pywin32,QmPVd8tN629ZkPzmQrDM5mSXiU5K8N2VinkitvjmNiAHM3
65536,27913,1,1,34681,0,1,0,216.150390625,216.048828125,0,11439,93,85,6138,443,coverage,QmRXJ23s2FffJyKpvjpQTRLYgAJkH3MVq5BhWihaoJdR95
65536,28316,1,2,34550,0,2,0,216.150390625,216.048828125,0,11842,93,85,6138,443,cuda-bindings,QmYipYaibwKuujMyjAMuq1bissciZzpUea3kfC2rb3tiBS
65536,28326,1,3,30301,0,3,0,216.150390625,216.048828125,0,11852,93,85,6138,443,cuda-pathfinder,QmWgdUQ3oQR6Y9Jobq4uDTMkXQT5WQngm2PEsQYLSPgP7p
65536,28106,1,1,33437,0,1,0,216.150390625,216.048828125,0,11632,93,85,6138,443,diskcache,QmWEmKjWkEeKHUhFKu6Gu12L7F7PeeVoqguuHEV12Vxn1V
65536,27913,1,1,32994,0,1,0,216.150390625,216.048828125,0,11439,93,85,6138,443,docutils,QmZcX7jnyqrFzYH3d5mN91FcyryU5UkhMT72NPyyFX5yGE
65536,27913,1,1,33009,0,1,0,216.150390625,216.048828125,0,11439,93,85,6138,443,docutils,QmexD7yMcaDCimuK3i4vXd7GxxyNouVkPgx95zdctKM6hN
65536,28136,1,1,26256,0,1,0,216.150390625,216.048828125,0,11662,93,85,6138,443,editdistance,QmcSxgycZtiyvHp4nb3YC18hMF9iZvQhsQbtFpQwPXiKvs
65536,28094,1,1,33474,0,1,0,216.150390625,216.048828125,0,11620,93,85,6138,443,greenlet,QmUtVZhwWaobtyW4hnmVPDDC9382MSatLDtPfiuUVB2Uwk
65536,28316,1,1,34203,0,1,0,216.150390625,216.048828125,0,11842,93,85,6138,443,exceptiongroup,QmSdhmd5GQYViKSs85jGWpmp9XCbiiaw93ABh38WJhFBLq
65536,27913,1,1,34198,0,1,0,216.150390625,216.048828125,0,11439,93,85,6138,443,gunicorn,QmP5dBLFTVf7bptSGwtYDLSRd3fb7Tg3uW7YfF66XWcSCN
65536,28299,1,1,28480,0,1,0,216.150390625,216.048828125,0,11825,93,85,6138,443,hf-xet,QmdGobK3abcg46NJzwUm9YNUdegEodp346arDtkg7hw8nY
65536,28299,1,5,33670,0,18,0,216.150390625,216.048828125,0,11825,93,85,6138,443,pyyaml,QmcCHNxQDtE12GPskRKaDb43nRu4irWJG1pVq2bi7TJc8y
65536,28333,1,3,34786,0,2,0,216.150390625,216.048828125,0,11859,93,85,6138,443,antlr4-python3-runtime,QmQXsgteXuMmEcGF9h62FhnRcQrQG4vFGPvy2iWJu9UfEd
65536,28106,1,1,34508,0,1,0,216.150390625,216.048828125,0,11632,93,85,6138,443,imagesize,QmZVb1dfy8V9KTXAXQWKgZqWdWonvQ1APRjs5XocVsBuZB
65536,28326,1,2,29441,0,2,0,216.150390625,216.048828125,0,11852,93,85,6138,443,more-itertools,QmXhvsaqQpqR8PLmBTVygCCAreudFjhWm5VfMSVQPgcCos
65536,28319,1,1,33864,0,1,0,216.150390625,216.048828125,0,11845,93,85,6138,443,ipython,QmZ9cx2cFSuUyxb6vHua5xGdqN45PWAZPHdoUav9poDxKh
65536,28319,1,1,33939,0,1,0,216.150390625,216.048828125,0,11845,93,85,6138,443,ipython,QmR7T99bVfXYTM8UadrHjvjoeuA9w5Jj2evzcYEkDgyfmN
65536,28324,1,7,35259,0,30,0,216.150390625,216.048828125,0,11850,93,85,6138,443,typing-extensions,Qmdw1HaMKkGaSwePmiiGmawZ8XbNML1QPtpAgCksE4MTxB
65536,28319,1,1,30592,0,1,0,216.150390625,216.048828125,0,11845,93,85,6138,443,ipython,QmNRigXkg2dBBdUxmquHn5Lv2NaBfP2ZYf5zdNLDtf3SJq
65536,28343,1,1,31601,0,1,0,216.150390625,216.048828125,0,11869,93,85,6138,443,ipython-pygments-lexers,QmQE1oQZDaMvw42ri7228RaSWBhHScQaF8hGA3KrnJFuPN
65536,28299,1,1,31770,0,1,0,216.150390625,216.048828125,0,11825,93,85,6138,443,janome,QmRyRrHMrTHVDvhBSrueAneKrfgWaMJAWseup1Qx6h6R98
65536,28299,1,1,32390,0,1,0,216.150390625,216.048828125,0,11825,93,85,6138,443,isort,QmQhPLnEUKzQaU5NGFLuF2q3VfEi9PjGTfGWA7QjXyduY6
65536,28096,1,2,29199,0,1,0,216.150390625,216.048828125,0,11622,93,85,6138,443,parso,QmX9zrPyknb2tKo145JM8Ws57pW9tHsVaigvhGuLkeZr9T
65536,28299,1,1,34176,0,1,0,216.150390625,216.048828125,0,11825,93,85,6138,443,jieba,QmRoovKtWZQv3dkoUzvkTFZRnH8vDKYr7sntiKqmBKnciA
65536,28299,1,7,33398,0,3,0,216.150390625,216.048828125,0,11825,93,85,6138,443,attrs,QmSLxoepNKju14ci698BGAajW7VkqUtdTNECt4KVtrxcyW
65536,28308,1,2,34352,0,1,0,216.150390625,216.048828125,0,11834,93,85,6138,443,rapidfuzz,QmWX1gzQgUWxKtyxiNmXwVrDQUgR3qDv4WJMZskXjcm9dH
65536,28319,1,4,31093,0,2,0,216.150390625,216.048828125,0,11845,93,85,6138,443,rpds-py,QmXob28YjG4xc1NcqL4ZuGjSgb6tYp1Zp3at6wcN8JkFYE
65536,28326,1,1,33579,0,1,0,216.150390625,216.048828125,0,11852,93,85,6138,443,kaldi-python-io,QmfQ2rvYfJk5GbYZn2Yxnq267UsSToJPUm5byY5JUXvaYN
65536,28308,1,2,33554,0,1,0,216.150390625,216.048828125,0,11834,93,85,6138,443,kornia-rs,QmUo6KF6yD2B7NRBNDU3CpVavdRv5FgQccEnvnwRhT26mx
65536,28308,1,1,34345,0,1,0,216.150390625,216.048828125,0,11834,93,85,6138,443,kaldialign,QmdTtYytbM7r8FaDCpamD1YH5RnBL1ARpPgYzvCFb1tsdt
65536,28106,1,2,31222,0,2,0,216.150390625,216.048828125,0,11632,93,85,6138,443,audioread,QmSvHhaks5sxFiMpBG6FZ21JFFqecxBAPxwPU8mcEzMXV7
65536,28096,1,3,28379,0,1,0,216.150390625,216.048828125,0,11622,93,85,6138,443,toolz,QmTC4U6qTzRTq1TtXrER8yc3GMU9cWAdzLsXXeuv9s2ZqS
65536,28111,1,4,34504,0,2,0,216.150390625,216.048828125,0,11637,93,85,6138,443,sortedcontainers,Qmdp8CvYLbLz3Qs2PveVPGXUQaKbZ4Hk8npXizwNtPYgfZ
65536,28119,1,3,34033,0,1,0,216.150390625,216.048828125,0,11645,93,85,6138,443,cffi,Qme2bWnJ7DWdSftxU76ah1dTUrJvWziHNzBVQLkWdEgyhD
65536,28299,1,2,34606,0,1,0,216.150390625,216.048828125,0,11825,93,85,6138,443,lilcom,QmWoycngQLfbWUtVHtJeY9cBxagQ4dEMLsJYRtxD4SDH7d
65536,27913,1,3,26517,0,3,0,216.150390625,216.048828125,0,11439,93,85,6138,443,tabulate,QmcjKcKfyKUPAKXafEj9TonkSePgLriw5anuWW3PPiLLPd
65536,28106,1,3,34411,0,2,0,216.150390625,216.048828125,0,11632,93,85,6138,443,decorator,QmU9rTAWoYjF1VbjcbMRhsCvNKDFGGKto4sdRA9WV3xJP5
65536,27904,1,5,34686,0,11,0,216.150390625,216.048828125,0,11430,93,85,6138,443,tqdm,Qmc62cYDTgzL1Z5PCSpsHjyGuujT5sK5sXUPJUVBoYVnYo
65536,28299,1,2,34824,0,3,0,216.150390625,216.048828125,0,11825,93,85,6138,443,joblib,QmY2r6RQgGJucTrUg5frsbXoaayjLmcyiegE5MrFawptQk
65536,28309,1,2,26219,0,1,0,216.150390625,216.048828125,0,11835,93,85,6138,443,msgpack,QmShu51YqZzTLzLAJvdewCGHFR3t1S2aKH3Si3mfPqmL6S
65536,28318,1,7,34199,0,4,0,216.150390625,216.048828125,0,11844,93,85,6138,443,certifi,QmV67bvu6xrhf8wd2fPiGFY5Dhw84j8HHQsCsFFexF6A2Y
65536,27913,1,3,34510,0,1,0,216.150390625,216.048828125,0,11439,93,85,6138,443,llvmlite,QmQ6Lj8ETsbUFPmc2uBuCwUqzZpyRE3fYY9ZjonREogT2Y
65536,28324,1,6,34908,0,1,0,216.150390625,216.048828125,0,11850,93,85,6138,443,charset-normalizer,Qmbh9ShspuBLuVK3tjQdfzh81TTbBhFUvQgpRXjiv3bDmb
65536,27917,1,8,30836,0,4,0,216.150390625,216.048828125,0,11443,93,85,6138,443,idna,Qmcu73WpEzP1x9C6NgAJLyUHxMoqigWhStevy233gpRBn8
65536,28138,1,6,34632,0,5,0,216.150390625,216.048828125,0,11664,93,85,6138,443,urllib3,QmUn8ssoDVMwBaeeAUvByFzzo2qa2NUqREZWmMgTqa1jLW
65536,28316,1,1,33847,0,1,0,216.150390625,216.048828125,0,11842,93,85,6138,443,markdown-it-py,QmPZNHdzzAZ5jHYo29xf6TW4BgPe2tgr7NU9UXjX3WZzNR
65536,28119,1,2,35237,0,3,0,216.150390625,216.048828125,0,11645,93,85,6138,443,soxr,QmWUcQdUGekfRLYugj8w7wAr7zdkAvNzEL5V3R7vstFJ2X
65536,28316,1,1,31425,0,1,0,216.150390625,216.048828125,0,11842,93,85,6138,443,markdown-it-py,QmZMKJxTnhiEJu4Y9v8RnGYM2DwaxKJUupjtaXkjH94v85
65536,28318,1,1,33446,0,1,0,216.150390625,216.048828125,0,11844,93,85,6138,443,marshmallow,QmbWeHwhRkRDA8Kp1qe559TuUSgKznX951gc1Uhdyh3hNC
65536,28326,1,1,33334,0,1,0,216.150390625,216.048828125,0,11852,93,85,6138,443,mdit-py-plugins,QmTRBKrg4DXJ1BbtPxxG44NyrEU4Vo6ireQgCZ4JMy4rzu
65536,28308,1,2,34578,0,1,0,216.150390625,216.048828125,0,11834,93,85,6138,443,traitlets,QmSJSnScSqq4yAR1DHiVQ6ZZra7i7B6U1F3moBnANnukUG
65536,28096,1,1,31058,0,1,0,216.150390625,216.048828125,0,11622,93,85,6138,443,mdurl,QmWVc1pV8D8PWjaK5jAKHq12nfGMD47bXwZuwTVNqQFEYH
65536,28308,1,4,33254,0,1,0,216.150390625,216.048828125,0,11834,93,85,6138,443,kiwisolver,QmPwvMuapSfeYsqzTusv2mj1j9VokvQe2RY857L5jCtdaG
65536,28309,1,4,34260,0,1,0,216.150390625,216.048828125,0,11835,93,85,6138,443,cycler,QmT6zBzPVuDWQ6iqxEj9dQZ7o8rQQb8TSzNoYESAjCFBww
65536,28308,1,4,34134,0,1,0,216.150390625,216.048828125,0,11834,93,85,6138,443,fonttools,QmaScHAREhP8A6c6M3paedbhMxQJBYYSL2q5zthWdPypx3
65536,28309,1,4,32895,0,3,0,216.150390625,216.048828125,0,11835,93,85,6138,443,pillow,QmPn3Lmwua9P2gc93CC48oCDyUKAAb6bXjTdXw8dhqv3aF
65536,27913,1,5,33144,0,3,0,216.150390625,216.048828125,0,11439,93,85,6138,443,filelock,QmaQFsj13VmtiERUMwsUST4aBJKKKCi7kFDbXHFB51X1EJ
65536,28111,1,7,34149,0,1,0,216.150390625,216.048828125,0,11637,93,85,6138,443,aiohappyeyeballs,QmU9mpCGDo6BnFsz119LAPbJXDqF5Usk5yTVTomb7GSeC6
65536,28106,1,4,34370,0,1,0,216.150390625,216.048828125,0,11632,93,85,6138,443,pyparsing,QmVumfxTtj5G522GWy24wnbYtFG95JH5bjw8tRPyLFbnbP
65536,28308,1,8,34018,0,2,0,216.150390625,216.048828125,0,11834,93,85,6138,443,frozenlist,QmVWueQLyw14n67cts69L4d4Z2oYd4j1CBh35Z45E1S7qm
65536,28106,1,8,28834,0,2,0,216.150390625,216.048828125,0,11632,93,85,6138,443,multidict,QmaaAb4C7sKfbUUKqFCmmhgrpvfzEDhaXucGS2WSVJLpnv
65536,28310,1,7,34597,0,2,0,216.150390625,216.048828125,0,11836,93,85,6138,443,h11,QmasrUo8VLP9P6idLLZ6tKwTMizWQio1HpG8M96ekPexex
65536,28106,1,8,34680,0,2,0,216.150390625,216.048828125,0,11632,93,85,6138,443,propcache,QmNeoLQ2wDqZatxe2tS7bzJrpG51bpg5Ufdo5euqPk2xVi
65536,28113,1,6,34474,0,2,0,216.150390625,216.048828125,0,11639,93,85,6138,443,annotated-doc,QmTt5srVQmn5LdZJxjxHAPWAbtr1JMk8fxyAm1CXimD779
65536,27913,1,7,26534,0,4,0,216.150390625,216.048828125,0,11439,93,85,6138,443,pygments,QmS9Be6q4hmQdjqJtyZPeB3TM16StLrST6Lym8UXfz1o4h
65536,28113,1,2,33605,0,2,0,216.150390625,216.048828125,0,11639,93,85,6138,443,sentencepiece,QmVxZaVDNHPtSR6wkEBbMwRfMqxeiu8ZEQDZAXk2BpvuVy
65536,28342,1,2,34149,0,3,0,216.150390625,216.048828125,0,11868,93,85,6138,443,opencv-python-headless,QmU1w5mspWMiKkVCT1PcsEkG9ZKsGjpwg2bAbRdf7RouvJ
65536,28318,1,6,34823,0,1,0,216.150390625,216.048828125,0,11844,93,85,6138,443,shellingham,QmPLfgjFd4posgR9PZJGTxWjCyNVssY3cvMPg6gW4SEqTX
65536,28318,1,1,26186,0,1,0,216.150390625,216.048828125,0,11844,93,85,6138,443,myst-parser,QmZDMSYpsrSSHtNzrd4ZwhpX5cxF7GQ1YL5nnSLXTgPK32
65536,27934,1,5,33734,0,1,0,216.150390625,216.048828125,0,11460,93,85,6138,443,pytz,QmUEDo5EeteR5Ku4vPDbafyzo2wWZHyNKtz45Meqha1B3R
65536,28119,1,4,34470,0,2,0,216.150390625,216.048828125,0,11645,93,85,6138,443,dill,Qmda4233whAnx2vNsrpxpNU9KtTAMwHnCMnNBbvBX2TT4A
65536,28318,1,1,35555,0,1,0,216.150390625,216.048828125,0,11844,93,85,6138,443,myst-parser,QmZ182ALxDYZyMHmpqgCn8Vj52RqdoJ3WC3sa7gFMSNRji
65536,28309,1,5,30495,0,1,0,216.150390625,216.048828125,0,11835,93,85,6138,443,tzdata,QmP7YSyqvcEfn1HpAEseNJ2PWMVsCdnRPsVuiHxx7LFXH5
65536,28299,1,3,34615,0,1,0,216.150390625,216.048828125,0,11825,93,85,6138,443,xxhash,QmayThwsEjRwEAUvqDE3TEThFv52XdUirf25BKAj8gpDHV
65536,28319,1,3,34581,0,2,0,216.150390625,216.048828125,0,11845,93,85,6138,443,pyarrow,QmYbCa3TuzU1gthAbRxRVrFyqY6ZDDR72ngTHkoy5eg54J
65536,28299,1,3,33728,0,1,0,216.150390625,216.048828125,0,11825,93,85,6138,443,einops,Qma1JWztd1iHhSCrkC61P49yAkniSLEJVieprqfmJo5b9Z
65536,28308,1,5,29280,0,4,0,216.150390625,216.048828125,0,11834,93,85,6138,443,markupsafe,QmUjcS8SASZRA22dnvBiR2xgVXdkjnR1jJkaP5KrGZnYPg
65536,28136,1,5,33445,0,2,0,216.150390625,216.048828125,0,11662,93,85,6138,443,graphql-core,QmXCWE3Bx1c3wUiDz4PyyKBbbsuxXL2NUVPUENANaARiZh
65536,28136,1,4,34349,0,1,0,216.150390625,216.048828125,0,11662,93,85,6138,443,itsdangerous,QmYCq5RuHpHyNUSeGk5LQvhaeFiaVNQFTivoq2mJv7yff2
65536,28309,1,4,34383,0,1,0,216.150390625,216.048828125,0,11835,93,85,6138,443,blinker,QmSnFiCWX5BdEgcw48f1QUze1gpB6RKssBAdimUGPFHrCc
65536,28308,1,4,32381,0,2,0,216.150390625,216.048828125,0,11834,93,85,6138,443,cachetools,QmdeJWfysE4bVhBHPhEkdU4D4DSsxdwoH57Rk1QExqboC3
65536,28318,1,4,30673,0,1,0,216.150390625,216.048828125,0,11844,93,85,6138,443,cloudpickle,QmXB9Mvd5GLp6QfmDScRxzJbCxNQY23Z99LPExpuT3yiYD
65536,27921,1,6,33783,0,3,0,216.150390625,216.048828125,0,11447,93,85,6138,443,cryptography,QmPhG2Wc6dy1qUor1vDXzUWatdZEg3jqJxsrhCt3mxm3GB
65536,28299,1,7,34625,0,1,0,216.150390625,216.048828125,0,11825,93,85,6138,443,pyasn1,QmUyT5CRXBxVnWNkAFXh1jbn6zEhCCjHaSRQ1388rupB41
65536,27913,1,5,34463,0,6,0,216.150390625,216.048828125,0,11439,93,85,6138,443,protobuf,QmUZEVchSMPfUhhtmgNuKz5vfofqvNWEZMFNBE6Ak9j28i
65536,28326,1,6,28711,0,1,0,216.150390625,216.048828125,0,11852,93,85,6138,443,annotated-types,QmPL3istXPNCY5paXMgFmTVx14SNwRMfUxWVKrUxRvWpN1
65536,28096,1,6,32667,0,1,0,216.150390625,216.048828125,0,11622,93,85,6138,443,smmap,QmQTye3EZAJzi1bXLYYDf7C9zLKqnVnZLQfxEyreTVZD4G
65536,27904,1,8,32913,0,1,0,216.150390625,216.048828125,0,11430,93,85,6138,443,zipp,QmNvBE4eeYnHyLqdaCsJKTEeQgpe1KYqMsA2vCwan6Q7bN
65536,28094,1,4,33259,0,1,0,216.150390625,216.048828125,0,11620,93,85,6138,443,sqlparse,QmVyF43kcC25hVF94y3UByrugpE7Uj9uzFarFZES6Ah9KX
65536,28094,1,2,30215,0,1,0,216.150390625,216.048828125,0,11620,93,85,6138,443,pybind11,QmQFwyjNU3uBjtFDD9LrbnARtFmhH5SyZ1W1MT1xjVNA8Q
65536,28319,1,2,31710,0,1,0,216.150390625,216.048828125,0,11845,93,85,6138,443,torchao,QmWYwuK5PSfF1snRNiYPBLfUsBaE3Dbp2PgRkENhSeUHPV
65536,28094,1,3,34428,0,6,0,216.150390625,216.048828125,0,11620,93,85,6138,443,regex,QmVtPpjqDqf5tMb3edfbnYJsuQU6VGzdg5XCZUY4ncfS3T
65536,28318,1,3,34916,0,3,0,216.150390625,216.048828125,0,11844,93,85,6138,443,safetensors,QmcxGoNgVZQEztAiKhWK55BkVz4Ho2FEEHstwjPmYr1Coe
65536,28308,1,2,28118,0,1,0,216.150390625,216.048828125,0,11834,93,85,6138,443,catalogue,QmP9m4bSpYq13f6qVVAth4dXgTaeuq5SZZAwD4e9VBCjRD
65536,28096,1,4,30489,0,1,0,216.150390625,216.048828125,0,11622,93,85,6138,443,wrapt,QmbYovDEYkuEst2Rwpnk7bnw3p6sMK12YKMAfS7eKBsJ6b
65536,28299,1,4,32878,0,2,0,216.150390625,216.048828125,0,11825,93,85,6138,443,invoke,QmbKYxpg9SfNsepGzKTpq2R7WmqLmo9fw6ks18QnjoKatf
65536,28299,1,4,32844,0,1,0,216.150390625,216.048828125,0,11825,93,85,6138,443,bcrypt,QmVbYrtxmJYpJ8MEPeKeGZMnnTxebeXcBfbZQf7YtUsTRq
65536,28299,1,4,28892,0,1,0,216.150390625,216.048828125,0,11825,93,85,6138,443,pynacl,QmeMAbWsq2QsFq8vwqsNfweqMjBE7DM7KpwJv9JPvHwHy3
65536,28309,1,3,33741,0,2,0,216.150390625,216.048828125,0,11835,93,85,6138,443,absl-py,QmWQsj8deJztomnhpGpYgmh1wW6UGKkjbh3XLk8MgH8oMT
65536,27892,1,3,33523,0,1,0,216.150390625,216.048828125,0,11418,93,85,6138,443,graphviz,QmTmDnX3VyjHmxo5ppPXA2pnLfbqxJgQQH53vjjmoRG7Mi
65536,28299,1,3,33223,0,1,0,216.150390625,216.048828125,0,11825,93,85,6138,443,libcst,QmVn9kek1JXHsHonQfvfzwqWDZd6bgMukaEcuxXPNWBxuj
65536,28119,1,3,30371,0,1,0,216.150390625,216.048828125,0,11645,93,85,6138,443,pfzy,QmPY84YD7qbZWtosPi8jmyQxdEkYQqZ2E6EwAmGwpzz3T3
65536,28309,1,4,29871,0,1,0,216.150390625,216.048828125,0,11835,93,85,6138,443,wcwidth,QmcVdYX6We5ikL9Kq4Qpx6FbVb82T39PvbFHhfZLUbLzy4
65536,27929,1,3,33638,0,1,0,216.150390625,216.048828125,0,11455,93,85,6138,443,docstring-parser,QmXHryWCTaJu9xU5qmwWSENkahjErdWYaxS1hNVZ976ayg
65536,28153,1,1,33773,0,1,0,216.150390625,216.048828125,0,11679,93,85,6138,443,nemo-text-processing,QmTQT9h6qpyjrPv8mRz5rDxzhP5zSM1HuvTx6RaWePkQsL
65536,28115,1,1,32088,0,1,0,216.150390625,216.048828125,0,11641,93,85,6138,443,nemo-toolkit,QmdndpSQFZsMDZk2FyESAgyJQKhepKKAjsckaHKkyHax2Y
65536,28094,1,1,28703,0,1,0,216.150390625,216.048828125,0,11620,93,85,6138,443,networkx,QmczTJi8fEMS5Lgw1pkuPn6GBJMoTJp6BpryN4eYQ9Lyks
65536,28131,1,3,32606,0,1,0,216.150390625,216.048828125,0,11657,93,85,6138,443,nvidia-cuda-cccl,QmWjDbPcMxYgx2hscruFwH9SdSXby8EbhpDctFJPU3fu9s
65536,28094,1,1,33186,0,1,0,216.150390625,216.048828125,0,11620,93,85,6138,443,networkx,QmcBsZhaDxrf5tkYrpQc7g6yvkXmfWNSpek73ytk7EUEVY
65536,28334,1,3,31502,0,1,0,216.150390625,216.048828125,0,11860,93,85,6138,443,nvidia-cuda-nvrtc,QmWVRFqkF66LZdhKmKjANVgXHrpXhR9soq6fQf8dr1VV9u
65536,28129,1,3,28866,0,1,0,216.150390625,216.048828125,0,11655,93,85,6138,443,nvidia-cuda-runtime,QmPrebpfG9Q6sLmpnNm1qAuzU5CJphbstyCkxiN9Z6bkhQ
65536,28131,1,2,33541,0,1,0,216.150390625,216.048828125,0,11657,93,85,6138,443,nvidia-nvjitlink,QmSzxgJHRiHox9BUtzvRPR9WQvkugzx2EULDgRYYdFrndM
65536,28113,1,3,34075,0,1,0,216.150390625,216.048828125,0,11639,93,85,6138,443,nvidia-nvvm,Qmb7Rbo7foSK5tEbyk2PX5wT6M8v3SjCLAiJg6YGko56d1
65536,28319,1,1,31946,0,1,0,216.150390625,216.048828125,0,11845,93,85,6138,443,numexpr,QmRRwBMv7X7c4aptFy36kAA1gCoJBZiVQEHUtywADmz1zE
65536,28096,1,1,29006,0,1,0,216.150390625,216.048828125,0,11622,93,85,6138,443,numpy,QmNircN8USfyDBu8MnDvmKLHUGGeEJ7YgN9XuyTcfhJxP7
65536,28096,1,1,31937,0,1,0,216.150390625,216.048828125,0,11622,93,85,6138,443,numpy,QmXwDSs5TaVQKHWjPRPx5dh6i29iLAqoEFcSbnBsXNMEca
65536,28106,1,4,32868,0,1,0,216.150390625,216.048828125,0,11632,93,85,6138,443,overrides,QmT6q7sToQSY3UAppQSGoqtwozpjK3mhbPCn4NNZxkag5M
65536,28319,1,4,34581,0,3,0,216.150390625,216.048828125,0,11845,93,85,6138,443,strenum,QmZ2seJReeHtQmRKvfDBvTJpofse6QyrHWiYqSmFwhPL8x
65536,27904,1,4,30518,0,1,0,216.150390625,216.048828125,0,11430,93,85,6138,443,toml,QmR6Bp4AYr6uPHXtgxycYa4b1xivDNaAaDhTXPR3boDf24
65536,27904,1,1,32614,0,1,0,216.150390625,216.048828125,0,11430,93,85,6138,443,nvidia-cublas-cu12,QmbWwptsxCJ5xeyprRrd55jq6u8bHzpXcJ7HJErTzAwQPL
65536,28318,1,2,33879,0,2,0,216.150390625,216.048828125,0,11844,93,85,6138,443,setuptools,QmbANk7GGqSGeyemwCq28eHjbxaoDNag4JDSSXweB83LPo
65536,28353,1,1,31633,0,1,0,216.150390625,216.048828125,0,11879,93,85,6138,443,nvidia-cuda-cupti-cu12,QmUhDc8apVDFdcf4SEee21TNwa73qUwUW75eAheLHvbUw9
65536,28353,1,1,31888,0,1,0,216.150390625,216.048828125,0,11879,93,85,6138,443,nvidia-cuda-nvrtc-cu12,QmQyLrZsRnLwx68SvjeXP2M4ZwS2i7ZQJAoTHiAo7Nj3JG
65536,28097,1,1,33281,0,1,0,216.150390625,216.048828125,0,11623,93,85,6138,443,nvidia-cudnn-cu12,QmSK3i9CBA6gmCrcDkbuUMu5a5EEmD19bGZPQN4sWZ5joA
65536,28149,1,1,33687,0,1,0,216.150390625,216.048828125,0,11675,93,85,6138,443,nvidia-cuda-runtime-cu12,QmRp234WBJQ48mC6j4CkvJtSJ9pN3ZUHh3uGoQNcj7cdF2
65536,28119,1,1,32782,0,1,0,216.150390625,216.048828125,0,11645,93,85,6138,443,nvidia-cufft-cu12,QmW1UxMyZxTus69SzhsLTn84cMc8ue5PLj7ujvwSAEGmHK
65536,27904,1,1,31963,0,1,0,216.150390625,216.048828125,0,11430,93,85,6138,443,nvidia-cufile-cu12,QmTEVkEe7c5hZoyFxyG4bcbYyDPWkU7Qx6bSXsQNMcxrAw
65536,28129,1,1,32228,0,1,0,216.150390625,216.048828125,0,11655,93,85,6138,443,nvidia-cusolver-cu12,QmY1tzHcU4Dwptdoogwaem7oRasMwHbZB9KcmZwwFSrQzT
65536,28310,1,1,33724,0,1,0,216.150390625,216.048828125,0,11836,93,85,6138,443,nvidia-curand-cu12,QmPzdDa3m3f8eCBcfd9pMJfnNLUunUWmV7CwspnFAXR8Q9
65536,28333,1,1,32369,0,1,0,216.150390625,216.048828125,0,11859,93,85,6138,443,nvidia-cusparselt-cu12,QmPAwnTci4cJ1U1vo7oRbZmUU6LW2YWHYRjcgrgDjhyzU5
65536,27948,1,1,33919,0,1,0,216.150390625,216.048828125,0,11474,93,85,6138,443,nvidia-cusparse-cu12,QmVodJHSXskBh7GG9R29CkGQj9TvYYms5EQZQadPHj2rWG
65536,28343,1,1,31509,0,1,0,216.150390625,216.048828125,0,11869,93,85,6138,443,nvidia-nvjitlink-cu12,QmYjjMg3vZEVHhLV9xbxF7FfFxbJQdW9sMCTeTi4ZnN8Fq
65536,27929,1,1,33413,0,1,0,216.150390625,216.048828125,0,11455,93,85,6138,443,nvidia-nccl-cu12,QmaCkiA3jWVUCR2g1QpDeHigpUBU4idKHaXaeqkQtGw6QR
65536,28344,1,1,32419,0,1,0,216.150390625,216.048828125,0,11870,93,85,6138,443,nvidia-nvshmem-cu12,QmbniqGST8DaWNNjWuy6D8FsJadDiJcWaSkwUEoiBbE4AF
65536,28131,1,1,32595,0,1,0,216.150390625,216.048828125,0,11657,93,85,6138,443,nvidia-nvtx-cu12,QmcwJFquTFPxS5W7FrPULzUrsNL83wJG1SrEAkrcvKxdHQ
65536,28299,1,3,32922,0,1,0,216.150390625,216.048828125,0,11825,93,85,6138,443,babel,QmWq5diM69qwqeWapGGVox8rgzfRdKpnv5ySeDnrpQguin
65536,28106,1,4,33456,0,1,0,216.150390625,216.048828125,0,11632,93,85,6138,443,soupsieve,Qmbx6wCjtr4fhDmNLgJR9Y87WKHsaPwXQn3JzEoKe4mT9t
65536,28106,1,2,32675,0,1,0,216.150390625,216.048828125,0,11632,93,85,6138,443,ml-dtypes,QmWAphE2d9QT9euQe3Fyc6b4kzEE8VfsAQGnhtQhMtcW15
65536,27913,1,2,32603,0,1,0,216.150390625,216.048828125,0,11439,93,85,6138,443,colorlog,QmYzPY5rY5GfNHoAJhWb13USB4qGXy7f6im6HFzgfdhmLF
65536,28113,1,1,29802,0,1,0,216.150390625,216.048828125,0,11639,93,85,6138,443,parameterized,QmZU42cAiPeqPhPpkhaKUhESuFR4fRsDGxtajMPuk8Xnyj
65536,28299,1,3,31127,0,2,0,216.150390625,216.048828125,0,11825,93,85,6138,443,psutil,QmQdFWRTLCHfYNwFpSRE5gSLDwMqznwBgsS6KpvVorF78C
65536,28309,1,1,33089,0,1,0,216.150390625,216.048828125,0,11835,93,85,6138,443,pexpect,QmYT6z7ihqSVKVjhAYkokdkrp9u62EgCGTY6pJCzoiaRFV
65536,28119,1,1,34069,0,1,0,216.150390625,216.048828125,0,11645,93,85,6138,443,pesq,QmYSfdHGfjtMo5wddSKj4ALAEuRQDMpLyHapZ17q7RdzdK
65536,28308,1,1,29746,0,1,0,216.150390625,216.048828125,0,11834,93,85,6138,443,ptyprocess,QmavkqYJdPiSvMb7GyuJNCysAJyeBCUDmkKeQQ1a2dpcg8
65536,28094,1,1,32966,0,1,0,216.150390625,216.048828125,0,11620,93,85,6138,443,progress,QmbhbGpduAZ4FSixXxBdndn4NWt3wSiPXzXQnHAa5HPadR
65536,28276,1,1,32338,0,1,0,216.150390625,216.048828125,0,11802,93,85,6138,443,pycparser,QmcWyQmAZ6Uwr7DwqhDsw6kjTEE7MrunJTSnmCYvvSDnjD
65536,28318,1,2,32561,0,1,0,216.150390625,216.048828125,0,11844,93,85,6138,443,pycountry,QmZNR3YNh4qsAcJ73tHr54NzgBJhUP8rdAk3MNTJtVZdPM
65536,28308,1,1,30249,0,1,0,216.150390625,216.048828125,0,11834,93,85,6138,443,pyloudnorm,QmZy1ESYcEQ4pSzQeefSC2HB7RupHVtAGnD9MmqbBqthE5
65536,28299,1,1,33132,0,1,0,216.150390625,216.048828125,0,11825,93,85,6138,443,pydub,QmYf2Gy7yN9P6V8t9gxEdg5W614ojdenH56ubSDiozTNSR
65536,28328,1,1,33115,0,1,0,216.150390625,216.048828125,0,11854,93,85,6138,443,pynini,QmeC4NiMCJEV1EWZyBgyqTApz9iv1a2tUpV7pYGMoK2MCR
65536,27913,1,2,33130,0,1,0,216.150390625,216.048828125,0,11439,93,85,6138,443,pypinyin,QmPTJUWP2mKTjGa5ii6t5HPuNeEGHG7kzzNijbMu7XX6yE
65536,28299,1,1,31528,0,1,0,216.150390625,216.048828125,0,11825,93,85,6138,443,pystoi,QmehtjMcxp23kb3BcJvs3pZW3Um4dchXWmQJZGgTff5PY8
65536,28106,1,3,30671,0,1,0,216.150390625,216.048828125,0,11632,93,85,6138,443,iniconfig,QmedQnYYQjzUR1iCtM7iAFs3meW9wkR3ido2ZuotQ3xSAT
65536,28299,1,3,32291,0,1,0,216.150390625,216.048828125,0,11825,93,85,6138,443,pluggy,Qmatt5HVv5NRiSN1UsBZuZBMwXFfQWTdoAP3HgkPMKGPzg
65536,28113,1,1,31789,0,1,0,216.150390625,216.048828125,0,11639,93,85,6138,443,pytest-runner,QmafrJ7xQ73XvAhD9tmtrwbkmMVF4m3BDTpEzBaobN1Bm2
65536,28106,1,1,29240,0,1,0,216.150390625,216.048828125,0,11632,93,85,6138,443,pyyaml-ft,QmVJFAZLnDYobTFqYBZow9qDYN18whDgNVk6VEPXt3kuYb
65536,28316,1,1,32849,0,1,0,216.150390625,216.048828125,0,11842,93,85,6138,443,roman-numerals,QmVRTr1NwpNBiJHdv318XAUNnD7FjM5HaMrbdgX5MyzJ3K
65536,28094,1,2,32328,0,1,0,216.150390625,216.048828125,0,11620,93,85,6138,443,colorama,QmdvAuNrbiEnAwicPX8y7J1zqBBe82hybQKUfRUhwnTxrk
65536,28328,1,1,33717,0,1,0,216.150390625,216.048828125,0,11854,93,85,6138,443,ruamel-yaml,QmRStBrf348QKtMv8CaTNUJP6C22uakYGmVHTH4Qu293bh
65536,28119,1,2,28249,0,1,0,216.150390625,216.048828125,0,11645,93,85,6138,443,lxml,QmQHvwAnwLw2VvJkZNkeTMvQu41Geoui8FKkoSkh94jHxo
65536,28318,1,2,32024,0,1,0,216.150390625,216.048828125,0,11844,93,85,6138,443,portalocker,QmSquzKyYmtt8JnehRPbDT6VWpuym63j2q6N2FNo6Lpmpt
65536,28136,1,1,32304,0,1,0,216.150390625,216.048828125,0,11662,93,85,6138,443,scikit-learn,QmUp3rHGEr8ZU2A3a2j3sHHJhhGVAZKtQ5P4adMVWb1yvW
65536,28136,1,1,33569,0,1,0,216.150390625,216.048828125,0,11662,93,85,6138,443,scikit-learn,QmcKWRb4FuWQbN7YevNaiR9QyUBLYqrrrb9C9sJmPuzRbF
65536,28299,1,1,29819,0,1,0,216.150390625,216.048828125,0,11825,93,85,6138,443,scipy,QmVGYj8ZdB26gFyA3CHrVYny8HscGJM4Tf7ctJHDbJScVC
65536,28299,1,1,31879,0,1,0,216.150390625,216.048828125,0,11825,93,85,6138,443,scipy,QmQoK3dPfGDian9HkUdk59PEtpXSVk65hRQzKmh7ZBQkbG
65536,28326,1,1,33472,0,1,0,216.150390625,216.048828125,0,11852,93,85,6138,443,snowballstemmer,QmfUxHZXTxKxLTVp1rRw6DXwhVJoqgh9AhrNPSjhJYFkRo
65536,28299,1,1,32944,0,1,0,216.150390625,216.048828125,0,11825,93,85,6138,443,sphinx,QmdAH5b8uPh6cvHLPL6kTq91bLQLy7D5nbcx7cJzk87QzV
65536,28299,1,1,30348,0,1,0,216.150390625,216.048828125,0,11825,93,85,6138,443,sphinx,QmQ8iXUFD8LbewvUV32iPCETpKPQuecJ83rLU1v5xCGaNM
65536,28299,1,1,29913,0,1,0,216.150390625,216.048828125,0,11825,93,85,6138,443,sphinx,QmVx7wKrf5DTHzrSdbATQGtak2s1dYK16QJnhcqC74E6j5
65536,28119,1,1,31163,0,1,0,216.150390625,216.048828125,0,11645,93,85,6138,443,sphinx-autobuild,QmS35QgQcEhSce2sHNT6i9dqpWPn2bhCQeC6AMcvTupbEM
65536,28119,1,1,33560,0,1,0,216.150390625,216.048828125,0,11645,93,85,6138,443,sphinx-autobuild,QmZ64NrAp5cYneg7LJVt3ZB2mR4tqUtEkrtxQvHyjHMpML
65536,28319,1,2,32962,0,1,0,216.150390625,216.048828125,0,11845,93,85,6138,443,astroid,QmYeZpXkMzS9GRVFNpshwsfZCPUr99Ud2pr3Jxqwomz5ni
65536,28122,1,1,28704,0,1,0,216.150390625,216.048828125,0,11648,93,85,6138,443,sphinx-copybutton,QmYebcuJ8njJJaxcJp8UBJhFLT9RUVM6oCPkuqRzWUgNL9
65536,28343,1,1,33103,0,1,0,216.150390625,216.048828125,0,11869,93,85,6138,443,sphinxcontrib-applehelp,QmYGnW5eSSCxQ5P49AqTApgPZExYuXg9f4Jvm1CoRwbBZV
65536,28308,1,4,32496,0,1,0,216.150390625,216.048828125,0,11834,93,85,6138,443,latexcodec,QmcEKCHtbXfA26oTZQhwmAP65cGsjgrXnbQQR37hj5rz67
65536,28130,1,1,33823,0,1,0,216.150390625,216.048828125,0,11656,93,85,6138,443,sphinxcontrib-devhelp,QmXYczHf2y17VHhJ61PRMbwYGt92cDhPTAvfAqW9ZhQc9W
65536,28333,1,1,29326,0,1,0,216.150390625,216.048828125,0,11859,93,85,6138,443,sphinxcontrib-htmlhelp,Qma974uMx5VsPtF9h6xkJgtNRgByJr4nti4sEYC35ecuEo
65536,28153,1,1,31287,0,1,0,216.150390625,216.048828125,0,11679,93,85,6138,443,sphinxcontrib-jsmath,QmcoVjFEux952MKysDp2dWF5WeJKp7E7otSc9n8kb2DnVz
65536,28153,1,1,34621,0,1,0,216.150390625,216.048828125,0,11679,93,85,6138,443,sphinxcontrib-qthelp,QmRpK2h85Lhz6ZXwVxnR5yetXYz86Y6xySZdjCSXUpUjjP
65536,28147,1,1,31293,0,1,0,216.150390625,216.048828125,0,11673,93,85,6138,443,sphinxcontrib-serializinghtml,QmSDZVr2oZ9uzjPwBGdqauBoeT7JpULDbNKFDGZzPRrP8J
65536,28344,1,1,32469,0,1,0,216.150390625,216.048828125,0,11870,93,85,6138,443,sphinxext-opengraph,QmUwRqtCPEp3ZVMciH1h6JtBGHaARyUnRXADKpDCwHYHWZ
65536,28106,1,2,30163,0,1,0,216.150390625,216.048828125,0,11632,93,85,6138,443,asttokens,QmWV4ueJw4rDBohJfRPNLJkSx4Vdq4kkSyW7Z2z78gbqj3
65536,28106,1,2,33367,0,1,0,216.150390625,216.048828125,0,11632,93,85,6138,443,executing,QmXnZpo1xyJzRDjvQArduLuj8E3rASdUsx9t47XhBHgkDG
65536,28106,1,2,31388,0,1,0,216.150390625,216.048828125,0,11632,93,85,6138,443,pure-eval,QmVZya2FBPDYwKoCgkUoh6MPpknVWE6faCQ43FqMLbouuc
65536,28316,1,1,32427,0,1,0,216.150390625,216.048828125,0,11842,93,85,6138,443,standard-aifc,QmbC9zmGkKEkc35GDJijpY7Mkbpr2LARVfTXMDNjnUVGiz
65536,28326,1,1,32642,0,1,0,216.150390625,216.048828125,0,11852,93,85,6138,443,standard-chunk,Qmesz5LC5k9sPyPM21MWBkYdgaHF7wLNkHF4BQaoj8kLf4
65536,28326,1,1,30450,0,1,0,216.150390625,216.048828125,0,11852,93,85,6138,443,standard-sunau,QmRap5vjiM169SchRhX37ym7B4zZ1Yf7aBYf8wrj9NPN8P
65536,28299,1,2,33067,0,1,0,216.150390625,216.048828125,0,11825,93,85,6138,443,mpmath,QmYcJwMNGUsV6eBorsdhbHphzEm5wiJct4GkwBjLHaws8K
65536,27913,1,2,31758,0,1,0,216.150390625,216.048828125,0,11439,93,85,6138,443,markdown,QmVpUtpYdnegzX6mQwFAYj5Do3BsyJWzxJW7PaphkVQe5e
65536,28343,1,2,28954,0,1,0,216.150390625,216.048828125,0,11869,93,85,6138,443,tensorboard-data-server,QmVQKRqgJH7Mxaf7aikhqk4Pea2og9kUGW1KEVJCPgGN6d
65536,28327,1,1,31712,0,1,0,216.150390625,216.048828125,0,11853,93,85,6138,443,text-unidecode,QmS7EGjPnwsLL5q2etbm5zsUb9dBV79j2HUNd4wbxFyetr
65536,28136,1,1,34132,0,1,0,216.150390625,216.048828125,0,11662,93,85,6138,443,textdistance,QmYxAirTkmwL2Eeab2iQHHMXXJcLgvcefSL3hJkqTipd52
65536,28113,1,1,32987,0,1,0,216.150390625,216.048828125,0,11639,93,85,6138,443,threadpoolctl,QmUo3ZrArkHgBT58hzuWZMqyNiQBvYp84Hv9v5VGh8omBv
65536,28096,1,1,27497,0,1,0,216.150390625,216.048828125,0,11622,93,85,6138,443,tomli,QmQGyYnQMFTerjQkATYTDMWd2tfHWbLrMziMDSjjRMYQq7
65536,28299,1,1,33238,0,1,0,216.150390625,216.048828125,0,11825,93,85,6138,443,torch,QmXqNTAdZKa1Fd1CkoJmzsbUkMaANBho8oMPJtdLR3GjLY
65536,28318,1,1,32421,0,1,0,216.150390625,216.048828125,0,11844,93,85,6138,443,torch,QmPSwSGSwbnQm3Hquj4Gy14jmZEW4odF4MuR5D5yUExkG1
65536,28103,1,1,32393,0,1,0,216.150390625,216.048828125,0,11629,93,85,6138,443,torch,QmSraARFgyjBcmUKraUn4bA5zdwicY6T7Han8WKEN1yjCv
65536,28299,1,1,30099,0,1,0,216.150390625,216.048828125,0,11825,93,85,6138,443,triton,QmNUmKvPK88vkRqJ3MAtXyYAjQd3YugqAqWqrvowaXgQ4K
65536,28094,1,1,32909,0,1,0,216.150390625,216.048828125,0,11620,93,85,6138,443,waitress,QmTADzKkgG6poSre1Kt7iMs4h3WJTitHJtWqmQMBT1YBCw
65536,28318,1,2,32597,0,1,0,216.150390625,216.048828125,0,11844,93,85,6138,443,braceexpand,QmPPPtau39dvFaa5i5e2kWqn9q5pXHq4ketC8yMUCcdZBY
65536,27914,1,1,32510,0,1,0,216.150390625,216.048828125,0,11440,93,85,6138,443,websockets,QmX7V6cRWFpqUuwaZkRAjis2QKU2T3nRDk5xqU7YjKUU1f
65536,28098,1,1,30385,0,1,0,216.150390625,216.048828125,0,11624,93,85,6138,443,wget,QmeX11j1soWSLaeNXP2EoqFBTjtWt8VUC2XQxeKA6NejvY
65536,28111,1,2,26808,0,1,0,216.150390625,216.048828125,0,11637,93,85,6138,443,indic-numtowords,QmWPovWZzDNi7XCSC4ccKzeLQF4rPuKJiCsYK5Puqceuw9
131072,47973,1,1,0,1,1,1,218.119140625,218.017578125,206030,17217,7605,85,11915,1280,attrdict,QmWnBWZvJAkP4osJLK4JVLQYFqNd8BhfuJF6EYTW6QzRDs
131072,48008,1,5,0,1,3,1,218.119140625,218.017578125,204633,17252,7605,85,11915,1280,python-dateutil,QmcUKv6V6bcHB23Kp8NMn1PNWH2C8ddHiBCW45mxTUDeGk
131072,48187,1,2,0,1,1,1,218.119140625,218.017578125,200206,17431,7605,85,11915,1280,flashoptim,QmQ8HDdoKiHtW9a7UJfFQS5Jn3GzhG8tGhJPM1PKiGm6hY
131072,47984,1,2,0,1,1,1,218.119140625,218.017578125,186592,17228,7605,85,11915,1280,lazy-loader,QmVv189SAaNBZo9XKVxZPyTK9FSYeRoDhpdUnjS3s22PK9
131072,47998,1,2,0,1,1,1,218.119140625,218.017578125,206971,17229,7618,85,11915,1280,cuda-core,QmVVn2Mq9uhYv6pTgyDqmDXMrXmBZnDfcBK8nq1y1LbK9U
131072,48024,1,1,0,1,1,1,218.119140625,218.017578125,208177,17255,7618,85,11915,1280,cuda-python,QmTpKKrPwe2nxCEtDHbZyzH53owgSbYRxLNsSTk9hF9pGf
131072,67807,1,1,0,2,1,2,218.119140625,218.017578125,304189,23017,15088,85,17628,2109,cuda-python,QmWBQRnKaytdnoY5RmRUsDYdQ8feW1uJGN6kKqvYEcooUe
131072,47998,1,2,0,1,1,1,218.119140625,218.017578125,200147,17229,7618,85,11915,1280,typeguard,QmfEJB3E4hFbhZmXDsuQkXqj2qesUs97K9EhFfc13ZTJwD
131072,67611,1,2,0,2,2,2,218.119140625,218.017578125,293360,22795,15114,85,17628,2109,omegaconf,QmV7smeP3FSppgRE35WcvYWPfjP1hcf1iqoPJRm9LB4jRW
131072,67795,1,4,0,2,1,2,218.119140625,218.017578125,265282,23005,15088,85,17628,2109,typing-inspect,QmarfRozW2r7B1NVFBLsgg7wCP4cEEs4Dtydwj1MKYiKW1
262144,113493,1,1,0,5,1,5,218.119140625,218.017578125,598845,39696,37537,85,23341,2938,black,QmchqkWibQLP3gGFEw3vrRDxKSzxFCeeAhBfYfdAPecFDp
131072,48188,1,2,0,1,1,1,218.119140625,218.017578125,195564,17432,7605,85,11915,1280,grpcio,QmPtEHyAB8BNueegjTawzxfDYmxF5PPARK1HXQkvsQgC1m
131072,67823,1,5,0,2,3,2,218.119140625,218.017578125,288736,23033,15088,85,17628,2109,lightning-utilities,QmR4Exsgc8XepYQ8TyGNp6zHBB6Ab2WViVUnyWu2MzWM9d
131072,48197,1,4,0,1,3,1,218.119140625,218.017578125,186531,17441,7605,85,11915,1280,sqlalchemy,QmNvkw7L5WQorXFt7pBegwtPFuLiZttQHtJQSFp7oiXfSg
131072,48014,1,6,0,1,2,1,218.119140625,218.017578125,195717,17245,7618,85,11915,1280,typing-inspection,QmQFNVvP4jDSgU61Cyj3HPp91E8t5akp3MUb6eJCcnq4TH
131072,48195,1,6,0,1,1,1,218.119140625,218.017578125,201829,17439,7605,85,11915,1280,pydantic-core,QmcxjCfw1XUt9FUndVJqVjDsfw2zfNzwZCq77QBvgHb5xR
131072,48179,1,1,0,1,1,1,218.119140625,218.017578125,202923,17423,7605,85,11915,1280,sox,QmbJoiBeRek9HtsgyvnPGprRvWEPhC5XQGbvA4dnyQbUGz
131072,47783,1,1,0,1,1,1,218.119140625,218.017578125,196408,17027,7605,85,11915,1280,jedi,QmPr4AmuDAHFaYmcEx5Lbqa963CEZamEYXwdBQgYdHHXgH
131072,67601,1,1,0,2,1,2,218.119140625,218.017578125,267543,22785,15114,85,17628,2109,jiwer,QmSrtEoGLtAWxrLanq7jM8gpcbriiUQqkaur1FBqCf8k8R
131072,48188,1,2,0,1,1,1,218.119140625,218.017578125,189670,17432,7605,85,11915,1280,cytoolz,QmW8CtG9upbZaUfApQz3wdJSZQ8ViRkcB5DeLDC5HviDGk
131072,67807,1,3,0,2,2,2,218.119140625,218.017578125,292156,23017,15088,85,17628,2109,referencing,QmZumD6UExbUnfee4gkhkFfBVrVrfSJQhuAJ7vXX1ri47E
131072,67778,1,1,0,2,1,2,218.119140625,218.017578125,292553,22988,15088,85,17628,2109,kornia,QmeVq9v54CCZDytaBEbuzqPwEMZwhcoCBGzBjNzgLCkdNA
131072,48015,1,2,0,1,1,1,218.119140625,218.017578125,188929,17259,7605,85,11915,1280,intervaltree,Qmaxqp8EgdXnv7AQ34os439P3JX4T3yPpMP5WHfiYQ7nZX
131072,48187,1,2,0,1,4,1,218.119140625,218.017578125,198090,17431,7605,85,11915,1280,soundfile,QmYdZ3cQLULmv6UkQYJqgMvTvjNUcXBecHjDneDvjrHf5u
131072,48197,1,1,0,1,1,1,218.119140625,218.017578125,201510,17441,7605,85,11915,1280,pyopenjtalk,QmPiEoQvLyfG18Ckydt5zDe8gtrXhSCKDV42tVbTMSC8Ek
131072,48178,1,2,0,1,4,1,218.119140625,218.017578125,201936,17422,7605,85,11915,1280,numba,QmPq4vwK8xm4ZM6FbvvVUfSiArWAcUoLiXtX17yJayrSCU
131072,48178,1,6,0,1,3,1,218.119140625,218.017578125,199247,17422,7605,85,11915,1280,anyio,QmeAer1WM6VoTss7d2xQaUqjvJC3VdzntZiYuKpNj5kZXK
131072,48014,1,1,0,1,1,1,218.119140625,218.017578125,198027,17245,7618,85,11915,1280,matplotlib-inline,QmVQCdVMaodutu2TcgkcmmYm1yMDPQ3CAyQ2kkPBBdzEt1
131072,47998,1,7,0,1,1,1,218.119140625,218.017578125,189040,17229,7618,85,11915,1280,aiosignal,QmUfUR18iyxPe1UzMrKr5AU2b72eYXAxkgjyYjPZ5rVmHT
131072,67797,1,3,0,2,1,2,218.119140625,218.017578125,295240,23007,15088,85,17628,2109,sentry-sdk,QmTwahMc78vW8uiurW7yovqCvxaMzz8MVt4PTaFRB3zraK
262144,100032,1,5,0,4,8,4,218.119140625,218.017578125,500805,33734,30054,85,23341,2938,requests,QmV9mkrfVL7N5345mksEGfsv81Dtgxf7tVy8yYyRJxyVpo
131072,67573,1,6,0,2,1,2,218.119140625,218.017578125,283458,22783,15088,85,17628,2109,httpcore,Qmaf9ZS5NTx8LjFpYwkNwG51BJBVKL8zUoo7vfjSrFqwAV
131072,67798,1,4,0,2,1,2,218.119140625,218.017578125,281150,23008,15088,85,17628,2109,uvicorn,QmTQ7937p7YZ78M64v6L7zAKwURgRknfDTcA87qSyne45d
131072,80432,1,7,0,3,1,3,218.119140625,218.017578125,381956,28159,22571,85,17628,2109,yarl,QmU6xdBCo2SrwVtXd9C1dRre1AzGhjWhkaEmKHA2g6mnEC
131072,47783,1,6,0,1,2,1,218.119140625,218.017578125,183248,17027,7605,85,11915,1280,rich,QmfMVDhrFrKkg4CcCwGjVSNJiuAucEtTeQyKWTdE6d5vcq
131072,48213,1,3,0,1,1,1,218.119140625,218.017578125,199654,17457,7605,85,11915,1280,accessible-pygments,QmQeA4tnTTMoXFHpsf2D4w5N9xMBVBZNFo1owiu8o77d3x
131072,48016,1,3,0,1,1,1,218.119140625,218.017578125,198406,17247,7618,85,11915,1280,multiprocess,QmVN5aBsqb6bvXb5vxyjjAXNGBpZKaAztNhFSa4raP4RAC
131072,47783,1,4,0,1,1,1,218.119140625,218.017578125,197442,17027,7605,85,11915,1280,mako,QmNw6JpwoVpWUvScEejgeHtRNqbWB5tW5bhk68PGwRjUPg
131072,47973,1,4,0,1,3,1,218.119140625,218.017578125,191000,17217,7605,85,11915,1280,werkzeug,Qmaji68FyRFrttGsHYLJyb3z2tNAajKEQP6zZepUeEyNNU
131072,67618,1,2,0,2,1,2,218.119140625,218.017578125,292145,22802,15114,85,17628,2109,megatron-fsdp,QmerGdUsK76o2iQnHiXiw37ScaWQ6FZfiMZMNA8ow3695Z
131072,48178,1,4,0,1,3,1,218.119140625,218.017578125,197942,17422,7605,85,11915,1280,jinja2,QmdPGSeawc9tDsFSwEpBC7jAHgrcFVjqJhxPBBWz2Yi5D5
131072,48005,1,4,0,1,1,1,218.119140625,218.017578125,195509,17236,7618,85,11915,1280,graphql-relay,QmXhDwcYrqTdbyoaxnF1yUeRp3Vt2zzqwAJ3YePm8PJ5iV
131072,48195,1,6,0,1,1,1,218.119140625,218.017578125,192661,17439,7605,85,11915,1280,pyasn1-modules,QmfLN9PZ4hFE5xpCvK1dX3N5Z7JVXn61ovrAqkAkCfhr3a
131072,48178,1,5,0,1,1,1,218.119140625,218.017578125,198567,17422,7605,85,11915,1280,gitdb,QmQjVou19Dhkz6tA5rYSujvaSeivs4dHYrjoU8zqAcwfVG
131072,48203,1,7,0,1,3,1,218.119140625,218.017578125,203365,17447,7605,85,11915,1280,importlib-metadata,Qmdcz7DEp2uMzukRujH7f7gcP2n4SFEd5mYPqqudKvmScJ
131072,48187,1,3,0,1,1,1,218.119140625,218.017578125,199994,17431,7605,85,11915,1280,deprecated,QmXg671S7eUYsNHtiUMnf6ZtqKucywbAcygyUiYrDaN4E8
262144,100427,1,1,0,4,1,4,218.119140625,218.017578125,537731,34129,30054,85,23341,2938,sacremoses,Qma3oCiPhdzLPDYVRxDXkzKV5Tnmok8D5Vui5FMEN9LRB4
262144,100238,1,1,0,4,1,4,218.119140625,218.017578125,542247,33940,30054,85,23341,2938,nltk,QmW9HxZqw9MXyUbFqejxdtMk42nxLNYzsu8tPwmiGXbpVB
262144,100213,1,3,0,4,1,4,218.119140625,218.017578125,518762,33915,30054,85,23341,2938,paramiko,QmbYXd1pWH1bUkBP9Sj1vgGsCBbCPLMmymRHTEJxcWWtP6
131072,48205,1,3,0,1,1,1,218.119140625,218.017578125,195822,17449,7605,85,11915,1280,prompt-toolkit,QmZ8hrg8Stwx5tZXJU5bE5hvRKWQaJ4GeEKxWafGjAmcaS
262144,100418,1,2,0,4,1,4,218.119140625,218.017578125,489478,34120,30054,85,23341,2938,fiddle,QmZaboDtZu8CHhDF4a8oK8fAQkie59ADypbPfLkAw1BPcF
131072,67805,1,3,0,2,1,2,218.119140625,218.017578125,267829,23015,15088,85,17628,2109,beautifulsoup4,QmW2S1zaMHsnjp98Si7N3dAkGkUFZTVLvmwY6AVPbZHLmQ
131072,48005,1,1,0,1,1,1,218.119140625,218.017578125,183181,17236,7618,85,11915,1280,pypinyin-dict,QmbtBNZF1whcx5KqzpxkqtPZkk4e18Pqwy26rYDSXEYoKY
262144,100040,1,2,0,4,1,4,218.119140625,218.017578125,522245,33742,30054,85,23341,2938,cuda-toolkit,QmQ3N8zoCDpS9UfrzMKQWGPpFAKtmYhKxG3eQuVmMT9MSW
131072,80432,1,1,0,3,1,3,218.119140625,218.017578125,372915,28159,22571,85,17628,2109,onnx,QmS4o8TQhJ26zq8sSmEFH6PA4Q1Rs6D8uqDo7UoaBbpnET
131072,67805,1,1,0,2,1,2,218.119140625,218.017578125,278379,23015,15088,85,17628,2109,sphinx-autodoc2,QmeVhnrjNnjkhP1jvhzsYmTPafhwHT6UPDGUwtVgqdZuNx
131072,67788,1,3,0,2,2,2,218.119140625,218.017578125,279564,22998,15088,85,17628,2109,pybtex,QmQTnMdGCRKTF6gCFsvVhkkrBMuRtgsnVjA8BbSaKBWwVN
262144,100418,1,2,0,4,1,4,218.119140625,218.017578125,509754,34120,30054,85,23341,2938,pytest,QmQH2DKf4Dw1w6FCSctHuws6Ts79WKJs7qGNS3nYeWXWVg
262144,113355,1,1,0,5,1,5,218.119140625,218.017578125,611157,39493,37602,85,23341,2938,sacrebleu,QmSEckVsJ9momokZv6pT7qikCJefRVAcad3Ttrov6SvMgn
131072,48178,1,1,0,1,1,1,218.119140625,218.017578125,194280,17422,7605,85,11915,1280,sympy,QmWN5S7odNbHkaS9UZFDRoQbk7f5JZEV72PGbuMXidaGCv
131072,67787,1,1,0,2,1,2,218.119140625,218.017578125,282534,22997,15088,85,17628,2109,webdataset,QmZJrxS3s4aLCJ8c6TZ9uZXSk9kdmbBAuJgiQjzDPtqwJ8
131072,80836,1,1,0,3,1,3,218.119140625,218.017578125,369367,28563,22571,85,17628,2109,stack-data,Qmey5wHDSpeCijm78YdWLzvmmYcYVS6AeXYpRsMkL2qRWy
131072,80862,1,1,0,3,1,3,218.119140625,218.017578125,373741,28589,22571,85,17628,2109,whisper-normalizer,Qmd7JxgyziTe1c3sMMiMsY7Pw6oWybHrUEbZ4vt3jm8cQn
131072,67788,1,1,0,2,1,3,218.119140625,218.017578125,234393,22998,15088,85,17628,2109,inflect,QmYW2FQHaPRxh6rKt7X2UuwymFTpFhZQdySokRqe6H3zvH
131072,80827,1,4,0,3,6,4,218.119140625,218.017578125,324131,28554,22571,85,17628,2109,pandas,QmSGD2QoWNipHCLQMTQ1PfXvFh3Qbk8Fs7QSVtZPZkjPCa
131072,67815,1,3,0,2,1,3,218.119140625,218.017578125,221998,23025,15088,85,17628,2109,pyre-extensions,QmcDcHAcxmFSHmYuTcuoqoX8GJ6QrhhsnjVZC4QMAkK6WT
131072,80836,1,1,0,3,1,4,218.119140625,218.017578125,332922,28563,22571,85,17628,2109,hydra-core,QmQMvW9nK7LUW4JcSNC5mNjdcqdKDYMg1ojCqUP2wf5gov
131072,67615,1,4,0,2,2,3,218.119140625,218.017578125,238976,22825,15088,85,17628,2109,torchmetrics,QmUCWRg8vKXPyKMYt4HbiKziqVTCjtpuxhCzeBkvh6fpiL
262144,139600,1,3,0,7,3,8,218.119140625,218.017578125,749774,50837,52503,85,23341,2938,matplotlib,QmVdVTUZFBiYqsVM7VnH32VEnokt1suguKwWf9rD4JgSvP
131072,48016,1,2,0,1,1,3,218.119140625,218.017578125,153855,17260,7605,85,11915,1280,jsonschema-specifications,Qmb65Ghi7cUt2c8bHezLRCdB7f6c1Neg8raRiud8v9Ae6K
131072,48197,1,1,0,1,1,2,218.119140625,218.017578125,159389,17441,7605,85,11915,1280,numba-cuda,QmVCxPxbCNKSyg7b4vgWxM5rSX4HvNahj1wR2z4ZMWLaaF
131072,48188,1,1,0,1,1,2,218.119140625,218.017578125,143832,17432,7605,85,11915,1280,resampy,Qmb6wBSyVdX9dRqLpZGku2wXo7CHGBpZWacwk26BqnBm1h
131072,47998,1,5,0,1,1,2,218.119140625,218.017578125,141976,17229,7618,85,11915,1280,starlette,QmRMahCUQEw7nQhKBwEEMWmqsXrskXDrtNnpVgLDivuBcj
262144,100032,1,5,0,4,6,4,218.119140625,218.017578125,427538,33734,30054,85,23341,2938,pydantic,QmNfd5dV2V7H8XPYsveSjXYVc96sLEqmBHp8weySEXtAbb
131072,48187,1,1,0,1,1,2,218.119140625,218.017578125,150887,17431,7605,85,11915,1280,watchfiles,QmaqqEcEbTGeJdQcRvTVpgeScij1SVbkf9AcVusU4zGrQk
131072,67787,1,2,0,2,1,5,218.119140625,218.017578125,237908,22997,15088,85,17628,2109,torchdata,QmV1KSVnrHeW5JQBtu9ELbHwLLfJsZ5T7qdKtR8axc99fP
131072,80663,1,2,0,3,1,7,218.119140625,218.017578125,329568,28351,22610,85,17628,2109,pooch,QmenJWMJsD6s3kLuK4FAkN6H7AvwiF7euKXD3B93e8deVV
131072,67392,1,1,0,2,1,6,218.119140625,218.017578125,230933,22602,15088,85,17628,2109,tiktoken,QmWCGQuDDyWwMvPppuPDuPfdE3HvPKxbTN5R5TdGYRPEtU
131072,67778,1,3,0,2,2,5,218.119140625,218.017578125,241600,22988,15088,85,17628,2109,docker,QmNbrntadF2L7kHZ8Xz3RAbu5LTUPb6eCDGijc2a9xzpis
262144,185280,1,1,0,10,1,13,218.119140625,218.017578125,946298,67526,74952,85,29054,3767,lhotse,QmVzJiR2MTc2A67mUv1sBG1STTdxKkEnMzLQMzcZQEs2YV
262144,100418,1,5,0,4,2,5,218.119140625,218.017578125,423479,34120,30054,85,23341,2938,httpx,QmWUoyBxEjeXgLFxMYpzQXSBWZu4fHxf7qYstDtXmxRZrd
131072,80847,1,3,0,3,2,4,218.119140625,218.017578125,280104,28574,22571,85,17628,2109,alembic,QmbtGYCHpL5jMw1UgrkYxFRsGhnjNPgR2hX2wNYAfb5U2t
131072,48014,1,1,0,1,1,2,218.119140625,218.017578125,139187,17245,7618,85,11915,1280,pytest-httpserver,Qmc3dRz3ZFwemf8nvWcbHPsLRg4n6cdZY2Ez5XYrQj3d2C
262144,100418,1,5,0,4,3,5,218.119140625,218.017578125,471502,34120,30054,85,23341,2938,typer,QmYP9LcYEEA2vDHqSNeRgyY3bVRMnfrtRScmAcekWVsFfB
262144,139601,1,6,0,7,1,8,218.119140625,218.017578125,717073,50838,52503,85,23341,2938,aiohttp,QmQ5m4YdUmtU7mm2HhfQokB1ahYCQrktA9THN79yYph14j
131072,67635,1,1,0,2,1,3,218.119140625,218.017578125,244748,22819,15114,85,17628,2109,sphinxcontrib-mermaid,QmW4x4Sb7zdMYruuUh3pSauar3e4QsAdMMLav352W3pivz
131072,67807,1,5,0,2,1,3,218.119140625,218.017578125,221441,23017,15088,85,17628,2109,google-auth,QmacAQHzeiXLX9xibrwWx1LAWQHxTHz2kFwUDH1xpjtkm2
262144,100213,1,3,0,4,1,5,218.119140625,218.017578125,403413,33915,30054,85,23341,2938,graphene,QmbWJatrFghBMUSBLQuRsUhQCALM8o5jVvV4Bt85AjKT86
262144,126407,1,3,0,6,1,6,218.119140625,218.017578125,605339,45049,45098,85,23341,2938,flask,QmWtFgCdVLgZZUtWXdteJDJ4tY8xLkiGZ74PuJjnSBsAc8
131072,48187,1,4,0,1,2,2,218.119140625,218.017578125,147514,17431,7605,85,11915,1280,gitpython,QmbaLrbaJB3oF9dbV2RhXU4nXp3TaHLBgQTtWYaDrY1oPv
131072,67803,1,6,0,2,4,3,218.119140625,218.017578125,240716,23013,15088,85,17628,2109,opentelemetry-api,QmNcUFEhwKc2GUz5ectpzx5Mp42jeo5TvgfqmnCVGFrE8A
262144,172250,1,1,0,9,1,11,218.119140625,218.017578125,908663,61979,67469,85,29054,3767,tensorboard,QmVHR6PgPgJWRAiE4RFFoB4FtGjoWb7W2JqfTCxikv4WwJ
131072,67787,1,2,0,2,1,3,218.119140625,218.017578125,237346,22997,15088,85,17628,2109,inquirerpy,QmSLtcMsYc6ca8oMwnhvgtRSJqxECnmQiXqUMbe9CNH9NT
262144,100418,1,2,0,4,1,8,218.119140625,218.017578125,428250,34120,30054,85,23341,2938,fabric,QmTdCuoDY9B3nGgb9haokHjrVkJSjapAHTVzh8onARnjgk
131072,48205,1,2,0,1,1,3,218.119140625,218.017578125,155969,17449,7605,85,11915,1280,pybtex-docutils,QmRUeMWvUg8DrDKVeN61rdeQxuzcDmiaJMTLYj16vY7xdL
131072,48207,1,1,0,1,1,5,218.119140625,218.017578125,145722,17451,7605,85,11915,1280,pytest-mock,QmYnXrmZJDEfxyAZEzVUx9uc7Aa1Qmu6ti4yJR4qxg7Jih
131072,67618,1,3,0,2,2,6,218.119140625,218.017578125,234033,22802,15114,85,17628,2109,pyannote-core,QmWg3CYj48fGuDSaJNaRRy6NsjBdHL6HivNhJLVXirKyHF
262144,113528,1,2,0,5,1,6,218.119140625,218.017578125,514857,39731,37537,85,23341,2938,pydata-sphinx-theme,QmSsRiYL86rcxqKQuGAyMcoRcqCLQ61YyY7DHdGmKDocz4
131072,67788,1,1,0,2,1,9,218.119140625,218.017578125,240402,22998,15088,85,17628,2109,mediapy,QmT3vc6m9mVF8CrXUL4D8k4FHf9ucKZPk8AiMs6Ys5pnxu
131072,67798,1,1,0,2,1,12,218.119140625,218.017578125,197752,23008,15088,85,17628,2109,seaborn,QmPvXC3guJCRx5XA7JYJG6hKsT7xuLfe6tNeHZZNbtkJqR
262144,139600,1,1,0,7,1,12,218.119140625,218.017578125,666009,50837,52503,85,23341,2938,numba-cuda,QmVviGU9oCHiJo66tQZJwvRLDBy9UK6PT3NQFSpgRyFz17
262144,100437,1,1,0,4,1,4,218.119140625,218.017578125,443165,34139,30054,85,23341,2938,jsonschema,QmemNdve7S9o47ZLiGjCLYxggyWu1srWS8kYZDStkLvdJQ
131072,80466,1,1,0,3,1,6,218.119140625,218.017578125,317542,28193,22571,85,17628,2109,pydantic-extra-types,QmXvZWSVACriFnYKhx37JL5rfj5DBNbaGRtZG5L2o141GS
262144,113322,1,4,0,5,1,9,218.119140625,218.017578125,481458,39525,37537,85,23341,2938,fastapi,QmTqVqZrZ1VwHgQJZmCxG77NnDNAFq1uNE9dmC88Vx1P9N
262144,113508,1,3,0,5,2,8,218.119140625,218.017578125,543046,39711,37537,85,23341,2938,nv-one-logger-core,QmXBxCrrc2sRac71g6ToDBzhsc6ecUtBWsLQkVGemKncng
131072,48187,1,5,0,1,5,9,218.119140625,218.017578125,152408,17431,7605,85,11915,1280,fsspec,QmT9bbJBmhh1ER6emswMHrCUi5PcBVtBCZDDTo4WNYfdzn
131072,80864,1,4,0,3,2,10,218.119140625,218.017578125,285730,28591,22571,85,17628,2109,databricks-sdk,QmcVbjZG5s4GczuBZB8qNjDkS7WkjyJyHa2mGaGfSC4XFk
262144,126532,1,1,0,6,1,9,218.119140625,218.017578125,589688,45252,45020,85,23341,2938,optuna,QmQX4zJKBZhSEtA9nMtCbFXpQrFZ7k2qKeA5c7TJrYL5As
131072,67847,1,5,0,2,1,4,218.119140625,218.017578125,236213,23057,15088,85,17628,2109,opentelemetry-semantic-conventions,QmfCvNjegTL4e14TZeN9nCXHuPwMUKRGGi9UK78PhqWNFY
262144,185290,1,1,0,10,1,19,218.119140625,218.017578125,863806,67536,74952,85,29054,3767,librosa,QmeKSpN1F1kjBeMYoZ6h4ULXveYuNHaEeuSnicxjqRLXsw
131072,67632,1,1,0,2,1,4,218.119140625,218.017578125,196770,22842,15088,85,17628,2109,sphinxcontrib-bibtex,QmUeWt3BQ3SRKm5JmKWq3MhqiPNH4A2WNgpbJcxtiyLavN
131072,48018,1,1,0,1,1,7,218.119140625,218.017578125,145582,17262,7605,85,11915,1280,nvidia-sphinx-theme,QmNVKUEnzoGTK16tVStVqM8vdVAMJd1zxeQtJC1xnxwTep
131072,80689,1,2,0,3,1,8,218.119140625,218.017578125,296677,28377,22610,85,17628,2109,pyannote-database,QmPWs68ZKsBeVxPMQaY9GwdtDJsbecbAcqFdekm4hLrrs2
262144,185270,1,2,0,10,1,19,218.119140625,218.017578125,864567,67516,74952,85,29054,3767,wandb,QmXRUixhHYVLvshpkcmwdoTBoTsFUA46oG5nnbz62w3fSm
131072,80673,1,2,0,3,1,9,218.119140625,218.017578125,342846,28400,22571,85,17628,2109,nv-one-logger-training-telemetry,QmNadnwqywh2r6JGfSbqyk92UZD7pDX5pA8XLSR7Emjz7G
131072,80852,1,4,0,3,2,5,218.119140625,218.017578125,270691,28579,22571,85,17628,2109,opentelemetry-sdk,QmYvoyuQZ8y1uEUnMczMPWT67AY4obvtr5Vbef4j5eTS1L
131072,80639,1,1,0,3,1,9,218.119140625,218.017578125,229810,28366,22571,85,17628,2109,pyannote-metrics,QmRR8tVnjTwJwmPSBjrTkReWYHJXpmD3kVTgsaPpW2CxdH
262144,159199,1,4,0,8,7,26,218.119140625,218.017578125,749335,56411,59986,85,29054,3767,huggingface-hub,Qmc5rLnoLue7QxbACMXazmWeWSvJWyFS8hgYUtcmpbeQ4o
262144,139495,1,3,0,7,1,16,218.119140625,218.017578125,649337,50641,52594,85,23341,2938,pytorch-lightning,Qmav3Ngu6bHvPYAr4CWcUVXtuxwgB7noozYqiQEYLM7UxH
262144,172221,1,2,0,9,1,25,218.119140625,218.017578125,815149,61950,67469,85,29054,3767,torchx,QmY5xovkGZ6c4HjoyhNVkgH3rFPcCcFX24dzjAbJLv7p3m
262144,113510,1,1,0,5,1,32,218.119140625,218.017578125,531837,39713,37537,85,23341,2938,mistral-common,QmXnGUtkSweh4qFxE17731mTbrH7irQD1Ft9Fu9MNiWWy8
262144,139598,1,3,0,7,1,23,218.119140625,218.017578125,601693,50835,52503,85,23341,2938,mlflow-tracing,QmNzLQ3BmVinPAyDYJD9H8jde7YzJadQW511mYseHpkaw1
262144,113500,1,1,0,5,1,32,218.119140625,218.017578125,505616,39703,37537,85,23341,2938,mistral-common,QmYPY9middK9DgJTMGf3xp9XmMediQT9DDX9C3boApLSyd
131072,48197,1,3,0,1,1,27,218.119140625,218.017578125,167051,17441,7605,85,11915,1280,tokenizers,QmVoWsEimsq5UQkvbmyrjBt1YyystdCBmmWrE5NJWCZj15
262144,113502,1,2,0,5,1,29,218.119140625,218.017578125,562579,39705,37537,85,23341,2938,accelerate,QmbTadonz9AQEMZkJBTYGXtnhAVvHB46oioSb4S8H9TnwP
524288,283222,1,3,0,17,1,36,218.119140625,218.017578125,1434227,106292,127554,85,34767,4596,mlflow-skinny,QmUHVDeRnvnst3L7Lp6EH9whrB8pgMZzfta63i4jaKBtrW
262144,159083,1,2,0,8,1,17,218.119140625,218.017578125,693053,56191,60090,85,29054,3767,lightning,QmYtRLB3eYqhHiMMi5nRHPEn2yHYZw9cxq6Ap4qVK4oX1W
524288,224212,1,2,0,13,1,39,218.119140625,218.017578125,1189498,84009,97401,85,29054,3767,datasets,QmNkFNHkFaCrn5FP8hybytAM6mWfaDjxuWnFbwg2y6gQDr
262144,198114,1,1,0,11,1,55,218.119140625,218.017578125,783648,72877,82435,85,29054,3767,nemo-run,QmQStgZYVxgnjNfgYu2w3o4oaeazakgUuv6HGUnZDLYQTp
262144,159009,1,2,0,8,2,30,218.119140625,218.017578125,685831,56221,59986,85,29054,3767,transformers,QmVmAaLwHJSgZcSYSndDubk7CZMkYVxeDP85ctYAwv33o5
262144,185270,1,2,0,10,1,63,218.119140625,218.017578125,589617,67516,74952,85,29054,3767,mlflow,QmXyqurCXQuSVLkCjbx8K7C8FuwKWQxEsuXrnvpdUxtS61
262144,113570,1,1,0,5,1,28,218.119140625,218.017578125,381787,39773,37537,85,23341,2938,nv-one-logger-pytorch-lightning-integration,QmSerjpM9KEH756ZZAu2A2VqbEstNcwmFtg9A8KLKi8Ayf
262144,158777,1,1,0,8,1,33,218.119140625,218.017578125,431958,55989,59986,85,29054,3767,peft,QmbpRKREvkaUiStDgmCewZmaeERZwmeFZiAMnT2yHzzDyj
262144,197949,1,1,0,11,1,100,218.119140625,218.017578125,467867,72712,82435,85,29054,3767,nemo-automodel,Qmf74aJ7m91xGtvEXrftEhBJXtTaTC9i3qxa6Xg1nWAKCo
2359296,2011816,3,0,0,148,0,351,218.119140625,218.017578125,4822808,835190,1107606,85,51906,7083,NeMo,QmaR1afXv3oMapKHj45pdGAjjxRACgMbjzbaAmT88NTYrb
65536,28113,1,2,33284,0,1,0,216.150390625,216.048828125,0,11639,93,85,6138,443,python-dotenv,QmaaLGN6LwVzgD5U77ReAYaUsRRTpzxjoNpWtCAbEkzVp6
65536,28096,1,2,33191,0,1,0,216.150390625,216.048828125,0,11622,93,85,6138,443,librt,Qmap783XPv7nBbzd7JwwkdnuzoyqZieArPF6bDLZyYxATf
65536,28318,1,5,33201,0,3,0,216.150390625,216.048828125,0,11844,93,85,6138,443,certifi,QmTA9sS2haM5Eij2Z2t7BQdtUafk5U8vvVFFf7X1szjKxy
65536,27917,1,5,33590,0,3,0,216.150390625,216.048828125,0,11443,93,85,6138,443,idna,QmUFta8FwGMwiwuTBCioPSFrGtiZSfZeHRmUhgfjemz32f
65536,28094,1,2,31910,0,1,0,216.150390625,216.048828125,0,11620,93,85,6138,443,pathspec,QmVs7HebAcuYsatAvWF4nyWHv3muAt98wR2KWaUdzfSrmP
65536,28095,1,5,32991,0,7,0,216.150390625,216.048828125,0,11621,93,85,6138,443,packaging,QmNcS7ihRw2QaG8W5huvAZPk1JCV1LH5zudmzr6AygjE9i
65536,28119,1,3,32669,0,1,0,216.150390625,216.048828125,0,11645,93,85,6138,443,cfgv,QmbNG6s9WQhMVQTH3C8caHBfq6huRY9tDoZajPvRXNd2dh
65536,28309,1,5,33186,0,1,0,216.150390625,216.048828125,0,11835,93,85,6138,443,urllib3,QmPSSQEE551HbmvPQnisTeSkwfokyULVpFea8pYk6mHS1K
65536,27913,1,3,27772,0,1,0,216.150390625,216.048828125,0,11439,93,85,6138,443,identify,QmXPMXNAYEqHjjA9SZbL6DLGQfyyNNQC5FFQXcBZpJytNS
65536,28319,1,3,33649,0,2,0,216.150390625,216.048828125,0,11845,93,85,6138,443,nodeenv,QmanHYUHhHAZCa8FoN4KCp94j6LGTsicvPHUconuPfqWjR
65536,28309,1,5,34013,0,1,0,216.150390625,216.048828125,0,11835,93,85,6138,443,distlib,Qmeqh4b21RdAVDzsMqZv9pk5Y7C1RzHcZV6fo7NWzpxEqU
65536,27913,1,6,34127,0,3,0,216.150390625,216.048828125,0,11439,93,85,6138,443,filelock,Qmbu9Q8rkQHEVsMSY2nmuy7zVw4F5ckW7evXMci96rW2St
65536,28136,1,6,27482,0,3,0,216.150390625,216.048828125,0,11662,93,85,6138,443,platformdirs,QmeEBymjEcAxEeyqi4ZPsfZh2Vp5wAMAWr7JF5Lg5vVFpb
65536,28300,1,2,32214,0,2,0,216.150390625,216.048828125,0,11826,93,85,6138,443,uv,QmZaxGHAJ5wfX86iTi48Egt8gxkNgTzig4GEm4b1wtz4GE
65536,28308,1,4,32505,0,1,0,216.150390625,216.048828125,0,11834,93,85,6138,443,cachetools,QmdjknQXqQMbmUidj1W2FWxw6jyKp4tyP9ZDSUD4YxSMRs
65536,28107,1,1,33113,0,1,0,216.150390625,216.048828125,0,11633,93,85,6138,443,ruff,QmVU9NLSkS7KjHxcFp1dsRmkN2La49jhE39PJc4iku3tyR
65536,28309,1,4,27759,0,1,0,216.150390625,216.048828125,0,11835,93,85,6138,443,tomli-w,QmVj2g1yuvddnubPHCQ28P7CQjLzJsTehnqaby3uce64CY
65536,28334,1,1,31469,0,1,0,216.150390625,216.048828125,0,11860,93,85,6138,443,types-contextvars,QmWbDH92ULEzeXzbKYdZiUHve6veAUJmmwT2yC595kd2QY
65536,28122,1,1,30802,0,1,0,216.150390625,216.048828125,0,11648,93,85,6138,443,types-dataclasses,QmPBYDLpnPnZ5cYn6DjKremFXPcN6xfMjVpXZL2mpErKyi
131072,47998,1,2,0,1,1,1,218.119140625,218.017578125,193284,17242,7605,85,11915,1280,cffi,QmfL3o8Ewn16m8bNyCM2auqu8AKZhezdcL7Lri7LDYRh2r
131072,48198,1,2,0,1,1,1,218.119140625,218.017578125,203763,17442,7605,85,11915,1280,asgiref,QmTXC1PAf4YbwQcUCrabrzpmUwaD95wQud3PzacEuZUaZU
131072,48195,1,4,0,1,2,1,218.119140625,218.017578125,195187,17439,7605,85,11915,1280,exceptiongroup,QmNu7We3d2FXaxz9vw3mAjnrpLNBu4mjCX4JatZzFnq8DD
131072,47988,1,3,0,1,3,1,218.119140625,218.017578125,196441,17219,7618,85,11915,1280,click,QmeCjmNVM9rpitDESUVr7L5Q9j8uZm3mCeGn3EzQEFgZTM
131072,48014,1,4,0,1,1,1,218.119140625,218.017578125,200278,17245,7618,85,11915,1280,roman-numerals-py,Qmdu85o1AaSjFeeeJHUqMUCj9nf7wKquLgdEd9LM4b8wp2
131072,67573,1,3,0,2,1,2,218.119140625,218.017578125,280803,22783,15088,85,17628,2109,httpcore,QmdN1uEzfdaDSQS16bD6jTrzNJhhnoXh2Zj9q9q6Kj1ZRn
131072,67795,1,4,0,2,1,2,218.119140625,218.017578125,277076,23005,15088,85,17628,2109,pyproject-api,QmbVN3mWqdCDY9Zty4CAt7W1VY2WujdQZbfuVbA2WUTCyR
262144,100032,1,4,0,4,2,4,218.119140625,218.017578125,522037,33734,30054,85,23341,2938,requests,QmcQFpyrSTiMydeJ6bHv1XZAygqCqep8py9weJYMs1xsQF
131072,67617,1,1,0,2,1,2,218.119140625,218.017578125,274251,22827,15088,85,17628,2109,pyright,QmcgipCavhr2swTB6fxP48YUhxnp3wMwFiCgXYVSUHP8L6
262144,113088,1,1,0,5,1,5,218.119140625,218.017578125,625883,39291,37537,85,23341,2938,mypy,QmTyh9ao8haZMUjiq5soAguxBmMkfYwG2PqFHH3yFNFvBm
131072,67590,1,5,0,2,2,2,218.119140625,218.017578125,285712,22800,15088,85,17628,2109,python-discovery,Qmd9NZSCmaBwJm9BgUDJRjXU5ewfsM9FboGNoMkBqrwd75
131072,67400,1,1,0,2,1,3,218.119140625,218.017578125,238692,22610,15088,85,17628,2109,cryptography,QmTH6YBHdvvETnKqhQNyGYAw2DVdSmP986dq3wFNXN77qf
131072,80827,1,3,0,3,3,3,218.119140625,218.017578125,346102,28554,22571,85,17628,2109,anyio,QmSsB924ya5trb3AFzda6nJMqmbc8PXNUSiH9N9awfMSDb
131072,80847,1,2,0,3,2,4,218.119140625,218.017578125,352246,28574,22571,85,17628,2109,uvicorn,QmdYoaWjGueRNVH6cnD5pwKM38XdTfhY6YiHGfxA1eKfTK
262144,159181,1,1,0,8,1,10,218.119140625,218.017578125,718952,56393,59986,85,29054,3767,flask,Qmf4X5t1w6fueyxYRRyeQTxMNpesj82dGE6oNvdwGkdT8R
262144,139581,1,1,0,7,1,8,218.119140625,218.017578125,774472,50818,52503,85,23341,2938,pytest,QmZ7rHhN7FSdbUUQai4kBURqZ41or2GHECV4nN3qtYe5L6
262144,113502,1,4,0,5,2,5,218.119140625,218.017578125,531572,39705,37537,85,23341,2938,virtualenv,QmYTttbFPbNLN6rd1yM1JqpuTNx4VW13WQaC3FJ2Mi8Hoz
262144,100418,1,2,0,4,1,7,218.119140625,218.017578125,403698,34120,30054,85,23341,2938,httpx,QmUF21UuhCfx8N9CtoL7JwLWFvigMf2wQsyu4MGyax6naF
131072,67611,1,2,0,2,2,4,218.119140625,218.017578125,237982,22795,15114,85,17628,2109,starlette,QmfQUiqVkVuHZqgBEn3roR9XZWx2AtKVYBVF9Z3qygM1yh
262144,113492,1,2,0,5,1,10,218.119140625,218.017578125,562158,39695,37537,85,23341,2938,pre-commit,QmbVNQ4rthpqzZxvbtz64N5LfjFXLPcY9UuLCAMhbGyv32
524288,283187,1,3,0,17,6,22,218.119140625,218.017578125,1676225,106478,127333,85,34767,4596,sphinx,QmcvaxY5wKD2uF6PCDURLeFHefTzWd2KzsbQRu3BrXfzcz
131072,67787,1,1,0,2,1,10,218.119140625,218.017578125,197144,22997,15088,85,17628,2109,gha-update,QmXwV2c9zVgYVQJ8g4d8LZCVaEtpHRMAgGtQfGbppbmywv
524288,283187,1,3,0,17,6,23,218.119140625,218.017578125,1630107,106478,127333,85,34767,4596,sphinx,QmPsLbUdbBBnjoiHCnmWCEKor1NU5jxTYEnmzgqSVAnR2U
131072,67618,1,1,0,2,1,12,218.119140625,218.017578125,201259,22802,15114,85,17628,2109,pre-commit-uv,QmV1sPGC1z9E7kdHTFxZYwjGXDs37B4XpqY5S3ZNFoPKyF
131072,67632,1,2,0,2,1,26,218.119140625,218.017578125,201833,22842,15088,85,17628,2109,sphinx-notfound-page,QmW5K2JjtyppVtt7Ci9SNZC1mmvR2tUBqynFJoPn1osz6N
131072,67645,1,1,0,2,1,26,218.119140625,218.017578125,183833,22829,15114,85,17628,2109,sphinxcontrib-log-cabinet,QmQ57S9966XHta5KyP22eacj3tqtCFuph9CsprKp9az3S5
524288,211379,1,3,0,12,1,13,218.119140625,218.017578125,1171016,78659,89918,85,29054,3767,tox,QmcQvYLpcygmzY9UJ5X8duo8m76q7orfqxXJeE45HYSuth
262144,139401,1,1,0,7,1,35,218.119140625,218.017578125,561964,50638,52503,85,23341,2938,sphinx-autobuild,QmbvP5HtRw2dGwJwhU1zzNSsVaLqTjMGWAu3rKQYd7REqm
262144,139401,1,1,0,7,1,35,218.119140625,218.017578125,561788,50638,52503,85,23341,2938,sphinx-autobuild,QmfAh2KnK2y8xf1AxW2mX58mVdiWK4ePP2ViaHUjYxfuWW
262144,100437,1,1,0,4,1,26,218.119140625,218.017578125,370800,34139,30054,85,23341,2938,sphinx-tabs,QmPySonfYgua14XYwsvQGQ1b6jCUvXzeSkoVopeGs3uUZ2
131072,80856,1,2,0,3,1,14,218.119140625,218.017578125,235558,28583,22571,85,17628,2109,tox-uv-bare,QmQQqDcvBWwpCKDYx1P9eK5uZp9mhvQvfWjeedAnjcuXgD
262144,100301,1,1,0,4,1,27,218.119140625,218.017578125,268119,33951,30106,85,23341,2938,pallets-sphinx-themes,QmRLcXdV2KgPaE3WLYSy2sGxJxztVmHWCQVSh9H4gFGhWw
131072,67788,1,1,0,2,1,16,218.119140625,218.017578125,92702,22998,15088,85,17628,2109,tox-uv,QmdFNrYteuq9tvutmsdktneUMT3xkL9BEPpMKnuV3nHWqs
524288,270109,1,0,0,16,0,82,218.119140625,218.017578125,431134,100675,120058,85,34767,4596,flask,QmXYB4jVjQkQUafmupCGX9fHKeJ9eB8z1SZyFXV3afrQQ6
65536,28106,1,3,34112,0,2,0,216.150390625,216.048828125,0,11632,93,85,6138,443,dnspython,QmdBhRjTQ24Tkk2PKvsopsZiSvf3mqdgsfySUcc7p7A9Jq
65536,28300,1,2,33951,0,1,0,216.150390625,216.048828125,0,11826,93,85,6138,443,av,QmVH4EMq6NAK8kGbVf9aNWbqJmjG9mL4MgRYcGucooRCob
65536,28113,1,4,32486,0,3,0,216.150390625,216.048828125,0,11639,93,85,6138,443,google-crc32c,QmQm9kAnBFwuPcsTgQBEdnUuwA7XP8BbxofhqspNwudzaa
65536,28299,1,3,33411,0,1,0,216.150390625,216.048828125,0,11825,93,85,6138,443,ifaddr,QmToTtPHPRkQpyW2EKUhPmKgshuzEWT7meQzFxgT3aH1jb
65536,28096,1,5,33565,0,1,0,216.150390625,216.048828125,0,11622,93,85,6138,443,hpack,QmdmTa7yuWnXYGVKvFW4YQqHrTH5c6NnxoHrJboChTTwFy
65536,28299,1,3,33819,0,3,0,216.150390625,216.048828125,0,11825,93,85,6138,443,distro,QmeaWHBUsEiBiXBkD2mH118C9o7M5S6P9W4rLiLS6t61wb
65536,28308,1,5,33744,0,1,0,216.150390625,216.048828125,0,11834,93,85,6138,443,hyperframe,QmfNjdrs4pLrfNhLneSXz6dcN9ZaMSWtivTyFj5hzViGfM
65536,28299,1,3,33650,0,2,0,216.150390625,216.048828125,0,11825,93,85,6138,443,jiter,QmXtzfmoroeDYrAGiMJP8kSFsiFD6ndBvM1aX3WtdKmxJ7
65536,28106,1,2,31308,0,1,0,216.150390625,216.048828125,0,11632,93,85,6138,443,termcolor,Qmd26M8PGEaCrfWm2gbVgfjb4CWWS1f2iK5HyF9MmG2Hmt
65536,28324,1,6,33521,0,1,0,216.150390625,216.048828125,0,11850,93,85,6138,443,charset-normalizer,QmbrZUMrCpcJqdYHcPwRRChPAzWLK9XhwTJpVUFnVVLjAH
65536,28309,1,3,33419,0,2,0,216.150390625,216.048828125,0,11835,93,85,6138,443,sniffio,QmPwcCMGnzP9YiUoVHyE7JxCGkC7TrdY71TJQgC5hXVwXz
65536,28299,1,4,33066,0,19,0,216.150390625,216.048828125,0,11825,93,85,6138,443,numpy,QmeUV68pmdZoeMbogfXqRa3qbnym8ehg83HJ5kB1BWRTaw
65536,28106,1,3,28654,0,2,0,216.150390625,216.048828125,0,11632,93,85,6138,443,regex,QmQT7pebRumBRuAnb7GDiWSCuqbpAmHqa1APaJ4MjazVfj
65536,27921,1,2,31953,0,1,0,216.150390625,216.048828125,0,11447,93,85,6138,443,azure-common,QmPqQf5suML11at41NiBrZo2ujccDw6rngLGZNHDc9udWU
65536,28094,1,4,32433,0,2,0,216.150390625,216.048828125,0,11620,93,85,6138,443,jmespath,QmPV4uqjyG4M24jPgbJUoBMV8bdcy53jMWaqEU1EDocouG
65536,28309,1,3,33164,0,7,0,216.150390625,216.048828125,0,11835,93,85,6138,443,isodate,QmbNQwxYpJapLaHNUbRv5X8yus3Afe87Gxo4e3Fhop1xdw
65536,28326,1,3,27333,0,1,0,216.150390625,216.048828125,0,11852,93,85,6138,443,pyproject-hooks,QmSW6zFftZ5bafHorzAqrW2wda26ag2ynqwAbrRnq5RudP
65536,28096,1,3,31524,0,4,0,216.150390625,216.048828125,0,11622,93,85,6138,443,tomli,QmWxKS8GjhsZnmbrCsC85mnrBjSdEvZKb2Xu9XAgsAWYSZ
65536,28334,1,2,31943,0,1,0,216.150390625,216.048828125,0,11860,93,85,6138,443,importlib-resources,QmXMm5U3thyew1zqiV1euFu4rMDvT4knQCDfR1uJ21ffL5
65536,28299,1,7,32159,0,3,0,216.150390625,216.048828125,0,11825,93,85,6138,443,attrs,QmXiCjH88D1UqbvcaLPfjDrJojYBh1BNi8NGxkgYUNUPAq
65536,27914,1,3,26390,0,1,0,216.150390625,216.048828125,0,11440,93,85,6138,443,durationpy,QmUBvR6H2eQczqHeyeoDG7VSrNGu6yjYk1qSq5VdEkpzP6
65536,28094,1,4,32316,0,1,0,216.150390625,216.048828125,0,11620,93,85,6138,443,oauthlib,QmfBnvcqb1pbYFkpzdTyXmoWoeTJsrJZRGWDmVaB5St6Pf
65536,28111,1,3,33013,0,1,0,216.150390625,216.048828125,0,11637,93,85,6138,443,websocket-client,QmPve62Dj4GNGhnvKTByWCGThrBUr1Sf1jT7u2S7iC8Q8Z
65536,28119,1,2,32903,0,1,0,216.150390625,216.048828125,0,11645,93,85,6138,443,mmh3,QmSmUFuwWyH3WAg8uXwpDCzBAEpjKKumFP37XfARWfuHpe
65536,28318,1,5,28219,0,1,0,216.150390625,216.048828125,0,11844,93,85,6138,443,pyreadline3,QmewTF8uENgUpEu5Bmxip1c3iFmmc1cEgnBbJwTpHPgy7G
65536,28091,1,3,32351,0,1,0,216.150390625,216.048828125,0,11617,93,85,6138,443,flatbuffers,QmayZRfswxz18DAE6KRQWvEtdy5xPC8UXa3fgm58iLWr4Z
65536,27913,1,7,32036,0,14,0,216.150390625,216.048828125,0,11439,93,85,6138,443,protobuf,QmQstSZVGd1AUSmPPiZxiVdqfKzxuCK2WCx5ZmR2iUsu5n
65536,28309,1,2,32655,0,2,0,216.150390625,216.048828125,0,11835,93,85,6138,443,orjson,QmNvQrKpYAWTBe55RJenosXNPsdeyJPBbY4dmqVcvXu5aA
65536,28309,1,3,28230,0,1,0,216.150390625,216.048828125,0,11835,93,85,6138,443,backoff,QmapbV2WMoJTtWrbW74B9CDaxhF1NoHJ6oNfMzij8J4YvK
65536,28094,1,2,33921,0,1,0,216.150390625,216.048828125,0,11620,93,85,6138,443,pybase64,QmQkejG5BJ7tbzKJ5VjDyzSAT7hDz65ocsB98y6syufQeR
65536,27913,1,4,32886,0,8,0,216.150390625,216.048828125,0,11439,93,85,6138,443,pygments,QmaXgSDJj4ipjMxqji5dMzdYWreGTNeJwNcSnPTRzQMPgw
65536,28094,1,3,32847,0,3,0,216.150390625,216.048828125,0,11620,93,85,6138,443,tenacity,Qmc5hqFYc5ZFxvek2qVcqU7ashMgBnfuoidRd3PEwTcqwi
65536,27913,1,5,29633,0,2,0,216.150390625,216.048828125,0,11439,93,85,6138,443,fsspec,QmUibZ7h1pswt1Cv1X6m76reUvZwVVZS2Kn8WeBTXMzHTE
65536,28299,1,5,31807,0,1,0,216.150390625,216.048828125,0,11825,93,85,6138,443,hf-xet,QmXPHPPASqvazTYzZAh92moaRkVLZgcDhpjgpNpoKzsznd
65536,28309,1,3,31443,0,1,0,216.150390625,216.048828125,0,11835,93,85,6138,443,uvloop,QmZq1J8tYYviZHLtqgJJyRSQxA6eX3QNkjVtFAXt7oD5tL
65536,28106,1,3,32881,0,1,0,216.150390625,216.048828125,0,11632,93,85,6138,443,httptools,QmcGSfhuMXRfCqo29MJgV3x6Kf1xX8zXYs2uh25HUUyhsT
65536,28318,1,3,30741,0,2,0,216.150390625,216.048828125,0,11844,93,85,6138,443,websockets,QmYMsE8xwxdYTWcXCeT4EmEguyo8yLf8UrSmKQiMFwA17N
65536,28299,1,7,32490,0,2,0,216.150390625,216.048828125,0,11825,93,85,6138,443,pyasn1,QmNPWmuyS1tiHmu5SqjkKqNui2J5XCtUXMZUu6sAaakPRV
65536,28309,1,2,32552,0,1,0,216.150390625,216.048828125,0,11835,93,85,6138,443,appnope,QmZpRWSKapartE1Dvod1SRQmSaLVsw4QYbm3Z7PtMPShf6
65536,28119,1,2,32528,0,1,0,216.150390625,216.048828125,0,11645,93,85,6138,443,comm,Qmb3MNS5mkn8M7TZEHagGfHUHeogAHKFJnNyPtXfif6bSW
65536,28319,1,2,31828,0,1,0,216.150390625,216.048828125,0,11845,93,85,6138,443,debugpy,QmZMEXTD4CPB3Ch5RFw29LRqds4t4yNuFy7B1msYdrrdPn
65536,28309,1,4,30994,0,2,0,216.150390625,216.048828125,0,11835,93,85,6138,443,tornado,QmSFjLmzJhmwFszfw9tu3xn9Dea79xLe9jvGUFvq3eUBqW
65536,28136,1,2,30953,0,1,0,216.150390625,216.048828125,0,11662,93,85,6138,443,nest-asyncio,QmXyfFHiHhURBUuDQ8bGYNvo1jipvrQf1VjnjBkDeSHDYn
65536,28106,1,2,32509,0,1,0,216.150390625,216.048828125,0,11632,93,85,6138,443,httpx-sse,QmS9R4V5T83eXbZ6b3Hx9eNumuQfg7PfMcytN3gE1yG3Se
65536,27929,1,2,31364,0,1,0,216.150390625,216.048828125,0,11455,93,85,6138,443,python-multipart,QmdnuBQmdT7ckqX5xrUNCC7v7nY8ALwTpNNNhU1m8qF9dC
65536,28299,1,1,31779,0,1,0,216.150390625,216.048828125,0,11825,93,85,6138,443,milvus,Qmf8RujWuqsqgW53aWf35npDo4pg586TjZ1okfbu7bzoQ1
65536,28324,1,2,31298,0,1,0,216.150390625,216.048828125,0,11850,93,85,6138,443,eval-type-backport,Qmcobm6PySqhASM9dYhpyXMdUzpgj2wYPPDBLXXGMMKVLB
65536,28096,1,2,30906,0,1,0,216.150390625,216.048828125,0,11622,93,85,6138,443,librt,QmRA72UJCinatKhBKMFeg9Q9ACCMXi2Wiucz7CkY7bKsHH
65536,28136,1,4,31089,0,2,0,216.150390625,216.048828125,0,11662,93,85,6138,443,webencodings,QmccbN7iHao4bDdTsrGL4DMNYqaKCxooFzqKPsSLmsLrcp
65536,28334,1,2,31261,0,1,0,216.150390625,216.048828125,0,11860,93,85,6138,443,jupyterlab-pygments,QmTmvmupp5Znp1SVv6tsXfgQBvJ1etVFQ1ReoYwtkcTCgZ
65536,28308,1,2,33117,0,1,0,216.150390625,216.048828125,0,11834,93,85,6138,443,defusedxml,QmNkNWVfLJjFpiTcFzeWdcVHfgVrhSrSR3iygJo9tcqbZB
65536,28326,1,4,31573,0,1,0,216.150390625,216.048828125,0,11852,93,85,6138,443,fastjsonschema,QmS398bsG3hj4th2QP3hu9pAm9Wi1tBvAyp488Rd7Fw5XP
65536,28113,1,2,32183,0,1,0,216.150390625,216.048828125,0,11639,93,85,6138,443,pandocfilters,QmcmWRgKtkW1r7FvFoKKoZPYN7WGaJzFp8SUr5pwAKF3sb
65536,28094,1,4,30328,0,1,0,216.150390625,216.048828125,0,11620,93,85,6138,443,pathable,QmXR2N6j93kfo9tMnmrEuVfJWtNA8pzvQ5EAVcexHW13kD
65536,28326,1,2,31331,0,1,0,216.150390625,216.048828125,0,11852,93,85,6138,443,more-itertools,QmSZxTMgKpgvsLuQjYJfxZgZ4MhyooB7tMWcKWUrHnJM3w
65536,28324,1,3,32790,0,1,0,216.150390625,216.048828125,0,11850,93,85,6138,443,lazy-object-proxy,QmQGaqVV2LGJtm7HpCLKc2eTumKpCgvDEUQ3Jc1nmb2TYH
65536,28299,1,2,32139,0,1,0,216.150390625,216.048828125,0,11825,93,85,6138,443,parse,Qma38emPJbv1uksxZv1neKRFt6vSo5GPShBaSyqPGyeSbb
65536,28300,1,2,32251,0,1,0,216.150390625,216.048828125,0,11826,93,85,6138,443,lz4,QmdmMfS3tohvgJKGnBoon5eTVc7pFhkSEXaM7NhBCbvWCC
65536,28140,1,2,31198,0,1,0,216.150390625,216.048828125,0,11666,93,85,6138,443,pinecone-plugin-interface,QmZBKediCjsTcFJyaUMdKDXf48zftA4NJGLqmX8mDHLU2H
65536,28309,1,2,30563,0,1,0,216.150390625,216.048828125,0,11835,93,85,6138,443,chardet,Qma7HAk8hEWVDfUMC8zjPKGnxSLQZCbkchS13kfu277g8V
65536,27913,1,2,31467,0,1,0,216.150390625,216.048828125,0,11439,93,85,6138,443,identify,Qmf9iXLfg7Ueys1bvufY8CmmkyT5XJPkgh1qeXjhJMxWYH
65536,28316,1,2,30114,0,1,0,216.150390625,216.048828125,0,11842,93,85,6138,443,psycopg-binary,QmcvvsAR9Kz3bobpZCFeD1yXhkx1mK2WhohXZdKGVHak4J
65536,28309,1,3,31283,0,2,0,216.150390625,216.048828125,0,11835,93,85,6138,443,tzdata,QmYdWubLHsVYCVVB2U3EFSMmzhpjto9z2QeMPQDWXvFsnC
65536,28309,1,2,32545,0,1,0,216.150390625,216.048828125,0,11835,93,85,6138,443,pymeta3,QmNVppj8wVULnKvNDvhAJ4VDKECWNGDJfZzA57TFn87QmD
65536,28308,1,2,31273,0,1,0,216.150390625,216.048828125,0,11834,93,85,6138,443,cachetools,QmTqhdNDUsLHpo7QfSbZtqJSMtS3Qpe2DjtGim8SBZet3v
65536,28299,1,1,29890,0,1,0,216.150390625,216.048828125,0,11825,93,85,6138,443,pyodbc,QmRibLNPEEefEMfqdNpmih22kptksoccBtPK9hCuNKKLAa
65536,28309,1,2,31527,0,1,0,216.150390625,216.048828125,0,11835,93,85,6138,443,execnet,QmcUtVFMcWhSBUS66WGTxoYQ1HL9CGEQBdRHsHVhVtUrFF
65536,28318,1,2,31626,0,1,0,216.150390625,216.048828125,0,11844,93,85,6138,443,jsonpath-ng,QmUvePHKRsyfdqs3jvAx7Vz8kLBCdTmuESNyUYzBfVQvvw
65536,28318,1,2,32594,0,1,0,216.150390625,216.048828125,0,11844,93,85,6138,443,python-ulid,QmZRsnAW5Tj93BzXSFet6jdF5MwjwgMCB1vMymvPQwg3R2
65536,28309,1,3,30561,0,1,0,216.150390625,216.048828125,0,11835,93,85,6138,443,hiredis,QmTh31AT5GgiL8JFw6AQgoeuEt77gnAQGszYF4awwusyog
65536,27904,1,1,31831,0,1,0,216.150390625,216.048828125,0,11430,93,85,6138,443,ruff,QmWNrZUtrUvtGNP9McCuZTwq4c1i4LYJk82hVkqwZmiz7m
65536,28146,1,1,31607,0,1,0,216.150390625,216.048828125,0,11672,93,85,6138,443,semantic-kernel,Qmf2RGo9vTzNmvKkhwFkvokyfg6hpQpr93ks6EvTwxTojg
65536,27904,1,6,31660,0,3,0,216.150390625,216.048828125,0,11430,93,85,6138,443,nvidia-cublas-cu12,Qmc7T8fZpywPtBKwxufC8ipYh5FA5GkVqgz2rk2cymsxNZ
65536,28353,1,5,29632,0,1,0,216.150390625,216.048828125,0,11879,93,85,6138,443,nvidia-cuda-cupti-cu12,Qmeot6dmJKArYpjoLjQ7nfB5wjMYSu1pshLKVXvrkS4sfm
65536,28353,1,5,31011,0,1,0,216.150390625,216.048828125,0,11879,93,85,6138,443,nvidia-cuda-nvrtc-cu12,QmUDy85Gi7j8kCNzfAwgydGN6xg8XjE4GH3LL6qm4DjccS
65536,28149,1,5,32399,0,1,0,216.150390625,216.048828125,0,11675,93,85,6138,443,nvidia-cuda-runtime-cu12,QmPHsLk1CgQzoP9yeUbKKgHfDfRpcRYzk2STUnhQL3H4sG
65536,28343,1,7,32285,0,4,0,216.150390625,216.048828125,0,11869,93,85,6138,443,nvidia-nvjitlink-cu12,QmaMG9Y8ej3p6CT28y2o2rk2iAkUYYLRaftk5mKbpR6tV8
65536,27904,1,5,27520,0,1,0,216.150390625,216.048828125,0,11430,93,85,6138,443,nvidia-cufile-cu12,QmX158nVU7DbjcMmzUPVUn1xK7PirQGayLBNu5Rvb3zjqh
65536,28300,1,5,31254,0,1,0,216.150390625,216.048828125,0,11826,93,85,6138,443,nvidia-curand-cu12,QmXLiKNxzsxA3QRRXpVHQF3ZQ5XcmeQymB9jvQeueQzqsg
65536,27929,1,5,31386,0,1,0,216.150390625,216.048828125,0,11455,93,85,6138,443,nvidia-nccl-cu12,QmVst2Znc5uUjgepXa3o8RjVhxibSkCNzntTgazmdJWmRR
65536,28131,1,5,31401,0,1,0,216.150390625,216.048828125,0,11657,93,85,6138,443,nvidia-nvtx-cu12,QmPca3hdrtcfXHdgCSDEKF6JFzM4mNdzVMQyMDexHJk859
65536,28308,1,2,30418,0,1,0,216.150390625,216.048828125,0,11834,93,85,6138,443,cheap-repr,QmZLyCRqgqVSVNNu54xpjuYmXH9ebZ1qSujwWcZcU2FquQ
65536,28140,1,1,31264,0,1,0,216.150390625,216.048828125,0,11666,93,85,6138,443,types-pyyaml,QmToeZCneVqqfpHUhWpTNz3JiYYJ6a2hRZMUXhgm6iY1fw
65536,28148,1,4,31515,0,1,0,216.150390625,216.048828125,0,11674,93,85,6138,443,types-setuptools,QmWwCDVvkxmcCXF4M6kU25NzGAnDrNZtKWaJ1MqLWyEFZW
65536,28319,1,2,31478,0,1,0,216.150390625,216.048828125,0,11845,93,85,6138,443,simsimd,QmZDm2tJVgrLFacaC891ySMkRukBVqTPonXHgGPiQ3ZDVJ
65536,28318,1,2,28380,0,1,0,216.150390625,216.048828125,0,11844,93,85,6138,443,validators,QmR4DaYc3VwyYUur5DkbzQ18TUZ9KtTHUJVT16DTgQoCeY
131072,48188,1,7,0,1,12,1,218.119140625,218.017578125,198635,17432,7605,85,11915,1280,grpcio,QmZhAfmsiy2HrCVNPfjuatgF1Ff27gMYk5MML3BSAJ5FEE
131072,48188,1,2,0,1,1,1,218.119140625,218.017578125,195543,17432,7605,85,11915,1280,pypika,QmX1AgdXR1UhUx9kh9ikywrTaxhMRqT3HRzKeg1wUSuLFs
131072,47783,1,5,0,1,6,1,218.119140625,218.017578125,194662,17027,7605,85,11915,1280,tqdm,QmSNH54XpP6fr2amFSpDeQSsQRn7TsoNZGq5acEDUZ1xkU
131072,67788,1,2,0,2,1,2,218.119140625,218.017578125,300390,22998,15088,85,17628,2109,aioice,Qmd2CgVPtwy5iYmjp6RzmoVuPJ4nf7waZfc4WG87k2HFPr
131072,47998,1,2,0,1,1,2,218.119140625,218.017578125,149402,17229,7618,85,11915,1280,pylibsrtp,Qma7xxhLab6CMPmv1h7DoshD9PAFkQaUkFEMyS52q87sBG
131072,48195,1,5,0,1,1,1,218.119140625,218.017578125,192011,17439,7605,85,11915,1280,pydantic-core,QmQUa9Nt4rQFww4v4haLcsJDQHN1xmS4e16ywPUcnc3Qsh
131072,80827,1,4,0,3,8,3,218.119140625,218.017578125,324658,28554,22571,85,17628,2109,anyio,Qmd6J9X7VuKMo45WdSngMaQBe9m7v68jq6dTreBTjG4bvt
131072,67400,1,6,0,2,11,3,218.119140625,218.017578125,236751,22610,15088,85,17628,2109,cryptography,QmPHuPn8t2DYKW5BbKoZToZaryDKb1bdnRfUPYYVeeV1vn
131072,48197,1,2,0,1,2,1,218.119140625,218.017578125,184591,17441,7605,85,11915,1280,deprecation,QmQfXbz3dMUYVSd1GwUE7GsqGxasDhoGtXCSwRUtJs3YcJ
131072,67590,1,3,0,2,1,2,218.119140625,218.017578125,279267,22800,15088,85,17628,2109,python-discovery,QmTdnVuqUbZFDLzJXXDMqwpxtr83ddKZcMGBqsjQzrS4Af
131072,47988,1,3,0,1,2,1,218.119140625,218.017578125,191540,17219,7618,85,11915,1280,click,QmRmHpUVT2Fb9FgaBNyqpHcwXEKbVNVFZ2Myo1TLtu7a8T
131072,48188,1,2,0,1,1,1,218.119140625,218.017578125,190167,17432,7605,85,11915,1280,mistune,QmYtUUXkJo6PhfVk4LgbZntmJ6a8HiEnrTDh5xSGxxxJkE
131072,48015,1,2,0,1,1,1,218.119140625,218.017578125,194474,17259,7605,85,11915,1280,psycopg-pool,QmPB1WVu7EXB8KBUSwT5rhSQnDQQcEopZmJgRPY3HV5X9A
131072,48207,1,2,0,1,1,1,218.119140625,218.017578125,193574,17451,7605,85,11915,1280,portalocker,Qmeabr5S4PR5mtWFAdQxHfRZQBRfTHYo1U7dgrUr5a3ejF
131072,48178,1,4,0,1,2,2,218.119140625,218.017578125,145800,17422,7605,85,11915,1280,pyzmq,Qma5oMYoF5JjftqdgSeaB84BYaVkEEURzxtj6GApHZTfFH
131072,48188,1,3,0,1,3,1,218.119140625,218.017578125,196845,17432,7605,85,11915,1280,pexpect,QmPtS8sg3oFzazNdQrwfT2dmYr5nCmQPU3jtnkmZDCnUL8
131072,67615,1,4,0,2,5,2,218.119140625,218.017578125,282590,22825,15088,85,17628,2109,jupyter-core,QmW27X9mRxuFYoUJKczQW11oYZexgpRbAaVf8QyDLfvF9e
131072,48178,1,5,0,1,1,1,218.119140625,218.017578125,190347,17422,7605,85,11915,1280,triton,QmZTecowJaLVA4GMN2eaFKCm7Ybq1Si8jrgAABwhzhy9yc
131072,47998,1,5,0,1,2,1,218.119140625,218.017578125,193080,17229,7618,85,11915,1280,multidict,QmacwCzeCU9MBzQEivDkUu96G9oHZ49UBjUHQ2qH1YKcws
131072,67611,1,4,0,2,1,2,218.119140625,218.017578125,281173,22795,15114,85,17628,2109,aiosignal,QmbNEYvTtXUQWpw2TAJ4wdL2XrxnnmAPR1LPXxowu6jDRd
131072,48195,1,4,0,1,1,1,218.119140625,218.017578125,193163,17439,7605,85,11915,1280,markdown-it-py,QmR666vANdcGgsC2QHajQf1eUuuJfZmXoRBPyYJP63YwA1
131072,67803,1,5,0,2,7,3,218.119140625,218.017578125,237613,23013,15088,85,17628,2109,opentelemetry-api,QmYg5gf8cUcyj3SkL3hyRcto1jBHRj6AUAz5yQgZn5zkcR
131072,48014,1,4,0,1,1,1,218.119140625,218.017578125,184052,17245,7618,85,11915,1280,rfc3339-validator,QmXWTugWbTqoT8KZRQk24VZmNRqFcnuFQo59t5ef1Wc1r2
131072,47973,1,2,0,1,1,1,218.119140625,218.017578125,194977,17217,7605,85,11915,1280,werkzeug,Qmf856GgfmMGS6xvexXa1a84L3NK8DNCpM7TB7BU3jRjR4
131072,47783,1,2,0,1,1,1,218.119140625,218.017578125,187576,17027,7605,85,11915,1280,pyee,QmcyD7MCxgDDsX1GgEoDXnYxV2HdnHMs4yxrpUvMsNfbU1
131072,48198,1,2,0,1,1,1,218.119140625,218.017578125,193408,17442,7605,85,11915,1280,pymongo,Qmezr2WLCQaJ1NSDACBjbSJ3ai57o5incdqJBBkz6cYLjS
131072,48212,1,3,0,1,2,1,218.119140625,218.017578125,206002,17456,7605,85,11915,1280,google-resumable-media,QmVE4jjtY8bFadQR9LG18UYf9eNgfppxjoeeU8SmH5Xdyc
131072,67769,1,4,0,2,1,2,218.119140625,218.017578125,281240,22979,15088,85,17628,2109,h2,QmYKciGWNS2spVvVecBAu4hpgnoR1kfa92hoREkuoTdSpR
131072,47988,1,2,0,1,1,1,218.119140625,218.017578125,195921,17219,7618,85,11915,1280,flaml,QmNyjfws6HqsPcPqJWaaVw3HH1GPvB6y7kvt5ixCFnpnyq
131072,48188,1,2,0,1,1,1,218.119140625,218.017578125,177609,17432,7605,85,11915,1280,shapely,QmdhheKUBYaJDGQF75FcSuwen613D5P428nYit78txHvSZ
131072,48178,1,3,0,1,3,1,218.119140625,218.017578125,190175,17422,7605,85,11915,1280,scipy,QmWHUSfUerqF6UuoTqtFT8vNQgWhaZLXqiDazhP3qUx5oe
131072,48178,1,3,0,1,3,1,218.119140625,218.017578125,185394,17422,7605,85,11915,1280,scipy,QmYdrwSvrAuaKiFaQQnXNd2DoSAyhpbApFN9zABFxzrspR
262144,100032,1,5,0,4,17,4,218.119140625,218.017578125,510110,33734,30054,85,23341,2938,requests,QmXL9e7wUWU97N17ZaYoQGejkYs4n9cJ1DYpbmET8yZvxe
131072,67787,1,1,0,2,1,2,218.119140625,218.017578125,284034,22997,15088,85,17628,2109,faiss-cpu,QmUCw7eNYfL2KKt8G4C5iAzBSEKb8XJHfez2sdLUCMsop7
131072,47998,1,2,0,1,1,1,218.119140625,218.017578125,195582,17229,7618,85,11915,1280,ml-dtypes,QmcVGy5N7jijJHFvTD9eDWahb36svfJDRFEvnp8TUxVfkk
131072,47792,1,2,0,1,1,1,218.119140625,218.017578125,192927,17036,7605,85,11915,1280,coverage,Qme7KppkgMRaLVJVckPUGFdQPK5M9HEBPXc6Bw11DawVs3
131072,80682,1,3,0,3,2,4,218.119140625,218.017578125,335053,28370,22610,85,17628,2109,botocore,QmRxjQsC8bRzRQ4eXHxQWXKzZJLYP3YgwSjCG7TxEyvs14
131072,48015,1,4,0,1,1,1,218.119140625,218.017578125,186405,17259,7605,85,11915,1280,humanfriendly,QmX6W17EZeNTT5ZnTkoh2GV3S92Z3XxtzWBnqhhEArH7z7
131072,48197,1,5,0,1,3,1,218.119140625,218.017578125,188381,17441,7605,85,11915,1280,proto-plus,QmbeAMKsARQiXEFQnaNzu7PYmaojLcQededB6igzDC6JUn
131072,80856,1,6,0,3,3,3,218.119140625,218.017578125,364633,28583,22571,85,17628,2109,referencing,QmTvEu7XSgDQY6Ya2fZx5ny79tdfAqU38DoD4jn4nz7MKE
262144,113345,1,2,0,5,1,6,218.119140625,218.017578125,565604,39483,37602,85,23341,2938,build,QmX99C6ZRnSU2y2aBw5WYDm9hC9EDoJH17EsHWZ8raEPpp
131072,48223,1,4,0,1,3,1,218.119140625,218.017578125,183110,17467,7605,85,11915,1280,opentelemetry-proto,QmWjd7BNSGECuKrychQyL3wKyCN8oh6rsGA4phnRD5s8kP
131072,48222,1,3,0,1,2,1,218.119140625,218.017578125,195400,17466,7605,85,11915,1280,ipython-pygments-lexers,QmPZ2kBnHmGeuu6cR16SdZ587ns5gsDpZ4f7WHewTP3LZ9
131072,48195,1,6,0,1,1,1,218.119140625,218.017578125,195330,17439,7605,85,11915,1280,pyasn1-modules,QmXN5umU8cQgVGtUey9GnQ7wEgBwwK6xoBkG8noaXdQWXM
131072,48179,1,6,0,1,1,1,218.119140625,218.017578125,202631,17423,7605,85,11915,1280,rsa,Qme1sqRBENnQdiDQzh4xhuMrF4VQ9m3GzzDMUcqaArALzU
131072,47973,1,3,0,1,1,1,218.119140625,218.017578125,196744,17217,7605,85,11915,1280,tinycss2,QmPR5LVC66FtTQqsWhNdqpYhskA2cf5HYzZsti1p5EM3U5
131072,48198,1,1,0,1,1,1,218.119140625,218.017578125,185915,17442,7605,85,11915,1280,pybars4,QmPoEkt2qNdUPjUaqkonr2NvLXZ4NKA5fNW8qRBQLVpsLM
262144,100418,1,2,0,4,1,5,218.119140625,218.017578125,449923,34120,30054,85,23341,2938,pandas,QmX6xQhEaSSpkyFnJs2AyQmnrtxhXFAbwYTvs1xNAEdA8H
262144,139581,1,2,0,7,4,8,218.119140625,218.017578125,749594,50818,52503,85,23341,2938,pytest,QmR1Gs2pEyHxbrVUb2H6GUd8MwMBcjVNDzVTsPQXRodY2m
262144,113088,1,1,0,5,1,5,218.119140625,218.017578125,605970,39291,37537,85,23341,2938,mypy,QmcnXjqgs3rmwJGEAFV7nuMyMYRnoFzFoWcbYoSUTXSqk6
131072,67601,1,2,0,2,1,2,218.119140625,218.017578125,286303,22785,15114,85,17628,2109,redis,QmVDaHHSFUHYDzRpfoqaTGXyZ6bSxwU1HEsEtBarwFAs2X
131072,47989,1,5,0,1,1,1,218.119140625,218.017578125,189969,17220,7618,85,11915,1280,nvidia-cudnn-cu12,QmaKnfEvHWkyrGzFoL7a9mLBSaGwpoFB4qRvf6kxoRdnEY
131072,47989,1,5,0,1,1,1,218.119140625,218.017578125,191729,17220,7618,85,11915,1280,nvidia-cufft-cu12,QmQDTZhH6bMBTk3FvR2s69vNYZ4Ea72SngqhVJ77bcASB2
131072,48008,1,6,0,1,2,1,218.119140625,218.017578125,194329,17252,7605,85,11915,1280,nvidia-cusparse-cu12,QmczpnoiYkd9ZaBgPU9ST5uSaehWiGDKZExdLC4JmYiy32
131072,48223,1,3,0,1,1,1,218.119140625,218.017578125,200721,17467,7605,85,11915,1280,types-cffi,QmYjiQNBbUWQMQ5ZjQ451JZTpGQm77GNgoCHoYyyDVtsXM
131072,67426,1,6,0,2,7,3,218.119140625,218.017578125,228437,22636,15088,85,17628,2109,googleapis-common-protos,Qman4pLxfDAdFmB35wKWmZDrz8GQJ5KGzsFeS5BkBEqWpe
131072,80449,1,2,0,3,1,4,218.119140625,218.017578125,335962,28176,22571,85,17628,2109,grpcio-tools,Qmb5Wb7BHHA4FZSTBY2nNgtwdGwArkSnarsAxSiRFMYbzF
262144,100267,1,1,0,4,1,4,218.119140625,218.017578125,525894,33917,30106,85,23341,2938,snoop,QmVchEuWxHrXQtXskFL9iqXSQ9Yemfx8XYakWf3EsWghbK
131072,80847,1,1,0,3,1,4,218.119140625,218.017578125,326963,28574,22571,85,17628,2109,usearch,QmTxDFBXidsrcWtMK5pgheXhroiQZTs4ngMM4Bf8Zvy2Ec
131072,48187,1,3,0,1,1,4,218.119140625,218.017578125,144964,17431,7605,85,11915,1280,watchfiles,QmQPdx9EbsZCGQEQ5KxuhC5wRUho6m1rBPtQK3h9JWj2GL
131072,48178,1,4,0,1,3,4,218.119140625,218.017578125,152962,17422,7605,85,11915,1280,pyjwt,QmUW2XuWWXSjbhmZBQDUbUuyipGQwj68uoxun397v5RPVi
262144,100286,1,4,0,4,14,4,218.119140625,218.017578125,427125,33936,30106,85,23341,2938,pydantic,QmSm28oJ2jFSYzmQp2mG3zZF2o6nYsMWxxDyidWUqmnVSJ
131072,67787,1,3,0,2,2,4,218.119140625,218.017578125,225617,22997,15088,85,17628,2109,starlette,QmVscPGYGzAcu5i6p61897UjxLcRxKByX3ZsSFcWjfW1YM
131072,67787,1,2,0,2,1,4,218.119140625,218.017578125,236032,22997,15088,85,17628,2109,pyopenssl,QmYWhtNrpegvK3wysShu5d7nhRTno9Yo9tqAsMehJrSkKY
131072,48207,1,1,0,1,1,2,218.119140625,218.017578125,152820,17451,7605,85,11915,1280,cloudevents,QmS8YEs4g5DdpsqQVwKH1GF9wNCYVJVbxR6eEr2qt2r4Lw
131072,48188,1,2,0,1,1,4,218.119140625,218.017578125,154274,17432,7605,85,11915,1280,authlib,QmSTpjqX7xwgTZDi4cHcVvyQBgX3HwN3dXqEWeRBZYjNwW
131072,67573,1,1,0,2,1,4,218.119140625,218.017578125,259153,22783,15088,85,17628,2109,oracledb,QmTRQvvWf2NPoEjNaKVdnnWGQ5LDqkz2BV6F1eTcNy9A5C
262144,100428,1,1,0,4,1,4,218.119140625,218.017578125,467386,34130,30054,85,23341,2938,psycopg,QmeBp94UmNhYpcX7kicEbAtJytkd3PMZwLzmov5JSJHr8k
262144,113502,1,2,0,5,1,5,218.119140625,218.017578125,560597,39705,37537,85,23341,2938,virtualenv,QmUWfAM2Ni7gdjAgax8x1wQxMosqwiVMTtciCySokL2zfD
262144,113500,1,3,0,5,2,9,218.119140625,218.017578125,457304,39703,37537,85,23341,2938,jupyter-client,QmTNm3zRzyRBFtiq62cLN3szHyoxbNhU2tLV1huCVXT8SB
131072,67383,1,3,0,2,2,3,218.119140625,218.017578125,239090,22593,15088,85,17628,2109,rich,QmZMaSdVfYjbSao5gZpyav85njoEWckoupKqT8MMbhrqvZ
131072,47988,1,1,0,1,1,2,218.119140625,218.017578125,138096,17219,7618,85,11915,1280,motor,QmZGTvLw5oiwCdsRTSihqzyzCKE2jMBEaDLVnCvohRLaUT
262144,198339,1,2,0,11,1,17,218.119140625,218.017578125,878464,73102,82435,85,29054,3767,ipython,QmPF7KX8hJTxLbpH5BgHhR22Bf1HSpkfsimCFTeVqPDD1s
262144,113483,1,3,0,5,9,10,218.119140625,218.017578125,477047,39686,37537,85,23341,2938,httpx,QmS4rpgddy2QQQbrozLUXb9dmSry9m3cKoZPhg2nxRe8Q3
262144,159192,1,3,0,8,2,10,218.119140625,218.017578125,748424,56404,59986,85,29054,3767,aiohttp,QmeVGm89BB3wzTX6p5Qim9v5ta4SnRVdQrgDNN6Hy1qQAW
262144,113320,1,2,0,5,1,5,218.119140625,218.017578125,499386,39523,37537,85,23341,2938,scikit-learn,QmUhe4RAJ1kqHSu2QjohgJdfrzgUNwSgFYDWBAzEq3jtF3
262144,113320,1,2,0,5,1,5,218.119140625,218.017578125,525062,39523,37537,85,23341,2938,scikit-learn,QmRFFmBbSc3zNihC8fJB7PdxJzFKnfNVqxdSRqCjSgfrJi
131072,80827,1,2,0,3,1,6,218.119140625,218.017578125,323767,28554,22571,85,17628,2109,docker,QmXhrABuasa5vrPZ2erdN7nNY7KeYshSxUPJqGx8zLQubp
131072,67392,1,2,0,2,1,6,218.119140625,218.017578125,233713,22602,15088,85,17628,2109,tiktoken,QmeZbBy5vuuyYUV4ApPPXneKpJY1BKmJEn5YkiX1EGFfqa
262144,100032,1,1,0,4,1,8,218.119140625,218.017578125,469608,33734,30054,85,23341,2938,prance,QmTH4D54uvXcs462p6AFyZxEsqSHZEYxM2PJvdcKLnwYN5
262144,113493,1,2,0,5,1,9,218.119140625,218.017578125,527004,39696,37537,85,23341,2938,posthog,QmYckYCZZAewBoSgwG9aHx5qmTzvQ5GPUihyz33hngN9qi
131072,67627,1,3,0,2,1,6,218.119140625,218.017578125,219556,22811,15114,85,17628,2109,requests-oauthlib,QmdizigZmKkyioTCZGzmsMyksZZQgXEqRF9q7ZckAjiZMt
131072,48197,1,2,0,1,1,5,218.119140625,218.017578125,153101,17441,7605,85,11915,1280,s3transfer,QmTd3keexZhqUGgY1oENGUBKvCnRgjqnNm4siXtMZrfijm
131072,67797,1,3,0,2,9,6,218.119140625,218.017578125,246663,23007,15088,85,17628,2109,azure-core,QmWkfmimU2JSVUtUd6TDHuyNEG1DeaNj2fzbTabT7aYXfX
131072,67645,1,2,0,2,1,6,218.119140625,218.017578125,244392,22829,15114,85,17628,2109,pinecone-plugin-assistant,Qmbj9xGC4xKKmoiXneBjM8rsVpGdg2KSHVpjUfSmHyyxZN
131072,48207,1,3,0,1,1,2,218.119140625,218.017578125,143180,17451,7605,85,11915,1280,coloredlogs,QmczRxvxAZ3gKVGPPBeLWkct5AZTRsQBGBcngLoV3zba5s
131072,48016,1,5,0,1,2,4,218.119140625,218.017578125,159197,17260,7605,85,11915,1280,jsonschema-specifications,QmeSQDkpBbDHrr5rh5CxFEuHhpNKZGW5PUZg5CeEM98tYz
131072,47860,1,3,0,1,2,2,218.119140625,218.017578125,151784,17104,7605,85,11915,1280,opentelemetry-exporter-otlp-proto-common,Qmaaq1Pi2jcwDaxhvag4Z6bSx9A37haFi424Uf1rXaMNaP
262144,100445,1,3,0,4,2,11,218.119140625,218.017578125,415797,34147,30054,85,23341,2938,jsonschema-path,QmTEp5bXRM6LE83vc2iKoW3WAnqGh2SZjKVY8Vis6QS9jR
262144,159209,1,4,0,8,4,13,218.119140625,218.017578125,796386,56421,59986,85,29054,3767,huggingface-hub,QmWhohvNPDF9QVdqXwSg2fuBtDu2HWZZ9vLTsraxyygvBY
131072,80856,1,5,0,3,7,7,218.119140625,218.017578125,226678,28583,22571,85,17628,2109,google-auth,QmNmsJaT8rnrdE9j2BFVfhJuRYSBDaa8BLrbiyBb5VGZaM
131072,67778,1,2,0,2,1,2,218.119140625,218.017578125,231845,22988,15088,85,17628,2109,bleach,QmPhb5EsyjjrPqukJPQN7Qx9aUJnYGMCGG178rcFthv36L
131072,48205,1,1,0,1,1,9,218.119140625,218.017578125,139812,17449,7605,85,11915,1280,pytest-asyncio,QmQf4ExA7cjLrNeni7sR1KNuZ53imetsMCbszkVRZPbjY1
262144,185290,1,2,0,10,1,16,218.119140625,218.017578125,779837,67536,74952,85,29054,3767,ipython,QmcHhEtfoFwpEc4H2EDypw2wgJRiLBm6Q6WNsGX4SeKZFg
262144,198339,1,2,0,11,1,17,218.119140625,218.017578125,882043,73102,82435,85,29054,3767,ipython,QmcZpLkatwU7Rv17bJ7dcCgsLpEF4XFEu5YBASzHjZS9xm
131072,48195,1,1,0,1,1,9,218.119140625,218.017578125,147812,17439,7605,85,11915,1280,pytest-timeout,Qmb1msQUgq6ejsFtJDAQFTBbHxMtcWdJf5EjPL77uiVxqo
131072,80664,1,1,0,3,1,11,218.119140625,218.017578125,323851,28391,22571,85,17628,2109,pytest-xdist,QmRQK1S825cMfDFXKaaeaVav4SUaphvoyvQgWbEJLXK8FX
131072,80836,1,1,0,3,1,10,218.119140625,218.017578125,267261,28563,22571,85,17628,2109,pytest-cov,QmVQxSbEvdRLmB2j4etNjVCHpTXtqkRcoNW9mfUHAMjojS
262144,139376,1,1,0,7,1,13,218.119140625,218.017578125,693276,50613,52503,85,23341,2938,pymilvus,QmcfaqjqNKn5cunVoRyrzQgnG6QHSmEEg1m3c7uKtEngmF
131072,67650,1,2,0,2,1,6,218.119140625,218.017578125,196483,22860,15088,85,17628,2109,types-pyopenssl,QmXE3a95QY6Ghjmaf7tftX8kkHe9jUkRGipkh25r3GHHWk
131072,80657,1,5,0,3,1,3,218.119140625,218.017578125,321242,28384,22571,85,17628,2109,nvidia-cusolver-cu12,QmYjYai5xFVMWK6GNwjYBwXdvp1vcde1YrBucbzDNYQuwt
131072,80844,1,5,0,3,1,4,218.119140625,218.017578125,285746,28571,22571,85,17628,2109,grpcio-status,QmaNzHHUW1cRQg7zajgvykkcr6LhDZiKUiq7SGWJVqeTp1
131072,67632,1,2,0,2,1,4,218.119140625,218.017578125,255053,22842,15088,85,17628,2109,protoc-gen-openapiv2,QmW1GjEpPTWx8D6t3afKoL54j187FfHdNzxcTw8YdjuUkM
131072,80862,1,3,0,3,1,4,218.119140625,218.017578125,282434,28589,22571,85,17628,2109,grpc-google-iam-v1,QmPVbNkWqHA3CnWb5RqZjfocGgsaNgYb8VKotz6Tpjzw5M
131072,48032,1,3,0,1,1,5,218.119140625,218.017578125,145655,17263,7618,85,11915,1280,microsoft-agents-activity,QmZEty5ZPoGoBe8SrJqJzVnyHXhWKPRmTb2gkWrd8E9qYL
131072,80432,1,3,0,3,2,10,218.119140625,218.017578125,246206,28159,22571,85,17628,2109,msal,QmNtEW3v4qjVXHtdg3XqqFf9zRiK2BkWG5vWN9fh1afieY
131072,67618,1,2,0,2,1,5,218.119140625,218.017578125,188568,22802,15114,85,17628,2109,sse-starlette,QmTda2RYvNhvv6fzdEShofdKkMUcc9HgrJaJX46fXQjWT4
131072,80852,1,2,0,3,1,6,218.119140625,218.017578125,276860,28579,22571,85,17628,2109,pydantic-settings,QmWB3KvarxCENZQifZhEpsXNu5qP9tfRj7o9dyZoofnSpF
262144,185290,1,2,0,10,2,13,218.119140625,218.017578125,946869,67536,74952,85,29054,3767,uvicorn,QmXrF4ciPSE3GSf2AKhdnX1Gwo19gLqgGqM9e8SkT3vUwX
262144,159192,1,1,0,8,1,14,218.119140625,218.017578125,735322,56404,59986,85,29054,3767,redisvl,QmVjNkc8wKNSbc7UbnDyAGGjva9xnzjAM4BGSoG1U1HftA
262144,139591,1,1,0,7,1,12,218.119140625,218.017578125,564584,50828,52503,85,23341,2938,aiortc,QmYnAivfVJw5hmKRFnYHPj3XXzQBUBjjFcowEoMQAm9ugU
262144,113492,1,1,0,5,1,10,218.119140625,218.017578125,548024,39695,37537,85,23341,2938,pre-commit,QmdbZuBKc1j3cQSrmCw2Xyhgx1JtPrM1AZk2MarYpt7DcU
131072,67778,1,1,0,2,1,15,218.119140625,218.017578125,194913,22988,15088,85,17628,2109,ollama,QmYHMx5DAEoy3fJTRqa7rp6sw4rEBZxqmdBaunkEjG4AYc
262144,100418,1,2,0,4,1,8,218.119140625,218.017578125,439001,34120,30054,85,23341,2938,typer,QmRphsX28eJWehdf9h6rSkQMskAhsztkNTjV1gyzBNRyKL
262144,139598,1,1,0,7,1,23,218.119140625,218.017578125,577107,50835,52503,85,23341,2938,qdrant-client,QmREgPcCJCYQwhKmpEEN7nwJTTS94ZJEJdZzKkneuQ29Wg
262144,159181,1,1,0,8,1,19,218.119140625,218.017578125,739197,56393,59986,85,29054,3767,anthropic,QmTLp5iEP3kTZGfTq1NJVJDTAydL7ebD4YPDZQYBPkHkBS
131072,48005,1,2,0,1,1,11,218.119140625,218.017578125,145695,17236,7618,85,11915,1280,aiohttp-retry,QmVX3YX11Nk8Dm9kv9yBUCQFEi2icqrENY5jP21Ksb9Pxo
262144,139618,1,1,0,7,1,24,218.119140625,218.017578125,541206,50855,52503,85,23341,2938,weaviate-client,QmYDJvxRpc5aUG3UdxEoNPAufVziboY8pbGF5GfduCRPUr
262144,159182,1,2,0,8,1,20,218.119140625,218.017578125,685242,56394,59986,85,29054,3767,openai,QmSAK21kZCRicAQBxRkaRokcS8fbEZLrMxt28MNX7uQNHZ
131072,80837,1,1,0,3,1,6,218.119140625,218.017578125,278205,28564,22571,85,17628,2109,boto3,QmZwJuaYsEvt1q8uGRoA2yXvKQxZTMZUnKfSzdjyqC5Aqb
131072,80872,1,1,0,3,1,8,218.119140625,218.017578125,327509,28599,22571,85,17628,2109,azure-ai-inference,QmYqTtGX9rijivcXFw8657vEmvAnknUKny7L1ruiuMUeea
131072,67455,1,1,0,2,1,10,218.119140625,218.017578125,183202,22639,15114,85,17628,2109,azure-core-tracing-opentelemetry,QmZXH1T9P16F6JPktNQCzGz51fkKARinf3CFi4dRK6Kfjc
131072,80682,1,2,0,3,1,8,218.119140625,218.017578125,338347,28409,22571,85,17628,2109,azure-ai-agents,QmaTLnP2q1LboSjMgqprvxYJC5SosnNsRVVe4CEgzhir4u
262144,100463,1,2,0,4,1,11,218.119140625,218.017578125,417122,34165,30054,85,23341,2938,azure-storage-blob,QmUcVDRP5ZTtrfQPN2o8vAVdDe7VSaacs7SQjGkfaVk8Zh
262144,172240,1,2,0,9,1,12,218.119140625,218.017578125,840571,61969,67469,85,29054,3767,kubernetes,QmRTpnCLuLqquHRpybNCuf2z7t89hBddD5DQBtjdVhcanG
131072,67400,1,1,0,2,1,7,218.119140625,218.017578125,230621,22610,15088,85,17628,2109,azure-cosmos,Qmf1odFLeVn5daM1shWRAcr9MtpRKyitbwNbmZ7zzM9Yih
262144,100066,1,1,0,4,1,9,218.119140625,218.017578125,468973,33768,30054,85,23341,2938,azure-search-documents,QmcMk2wrzdCymybcxnCq2agih6GkTJ4f8nFSG8vrobAbBZ
262144,100437,1,4,0,4,6,5,218.119140625,218.017578125,424041,34139,30054,85,23341,2938,jsonschema,QmSeZU6WzY15MYGhQeVpTWdzjdpnB2vsz4t9TqvZoY5SDG
262144,126561,1,2,0,6,2,9,218.119140625,218.017578125,612219,45281,45020,85,23341,2938,onnxruntime,Qmaw7ydTCrFZxbeMesi6tPqYSX15GTRkpVMrvtpYCqVmip
131072,48197,1,3,0,1,2,14,218.119140625,218.017578125,137553,17441,7605,85,11915,1280,tokenizers,QmT6ixvC47nKTqZhNxy5PcgGVaG6pbMdG9pKAjZoBTRckf
262144,139659,1,2,0,7,1,11,218.119140625,218.017578125,517680,50896,52503,85,23341,2938,opentelemetry-exporter-otlp-proto-grpc,QmeiDMPbVibEhqLT8ETf9aEZwKmrMZTzb7aQRuMy4b8DhN
262144,139659,1,2,0,7,1,16,218.119140625,218.017578125,535064,50896,52503,85,23341,2938,opentelemetry-exporter-otlp-proto-http,QmSXYVeTBSTLgqnoCM1SLc1NXViTcpdT6RYeRf4fni637h
131072,67823,1,1,0,2,1,7,218.119140625,218.017578125,218999,23033,15088,85,17628,2109,types-redis,QmQQD2j6ewQ2WH1HGv92tPb91mfu6Csdt4cVixLvzA14iv
262144,158794,1,2,0,8,1,27,218.119140625,218.017578125,680161,56006,59986,85,29054,3767,google-genai,QmczWjoXAVxg1g7Q4AYGprCgfwsc8yp9oXjAGohpUCTSv1
262144,139618,1,4,0,7,5,18,218.119140625,218.017578125,536289,50855,52503,85,23341,2938,google-api-core,QmQJeizxVWGQuvp5rbYBnph1ASX3B7LypDK1ZjYbYugpFz
131072,48205,1,2,0,1,1,11,218.119140625,218.017578125,136416,17449,7605,85,11915,1280,msal-extensions,QmVc4xheiCrpTy9M5R6RViGRPHtnv3BfkyVAxsrTdQ9PEZ
262144,113396,1,2,0,5,1,18,218.119140625,218.017578125,478974,39534,37602,85,23341,2938,microsoft-agents-hosting-core,QmYLou4zhAthkgtwubrqHewSGhBjPYFdHzWjMdV3ZGB4oM
524288,250540,1,1,0,15,1,36,218.119140625,218.017578125,1336380,95355,112367,85,29054,3767,ipykernel,QmYWGPhvuXu2L1vYYgFmFq8iTtGRXQ6rrgM9J2nQAhExCw
262144,113371,1,1,0,5,1,13,218.119140625,218.017578125,455460,39509,37602,85,23341,2938,azure-ai-projects,QmVa1pzvVtbaFaQa1QmTx4wijpRgWuJtFv6fxFGH1K9Fzh
262144,185295,1,1,0,10,1,34,218.119140625,218.017578125,824446,67541,74952,85,29054,3767,autogen-agentchat,QmTC1sbQ3WcU9EQCVu6u5XKCJ9RU1iqJj8ub8k6DBgZE8x
524288,224212,1,1,0,13,1,26,218.119140625,218.017578125,1072248,84009,97401,85,29054,3767,pinecone,QmSEJAZkxe9oCz8zuNgKhhm5DcHjmByra2rwZpWctZjNHT
131072,80656,1,3,0,3,2,8,218.119140625,218.017578125,239250,28383,22571,85,17628,2109,openapi-schema-validator,QmdhQbRMzLFjauoheRympDzNTTj6khHkhxYNCzEECmLT5G
524288,361577,1,4,0,23,3,25,218.119140625,218.017578125,2001732,139671,172530,85,34767,4596,torch,Qmf9NRWusLA2KPhLkqfDchZUATqzA7aWoa9tCy6rUUfDWJ
131072,67627,1,1,0,2,1,10,218.119140625,218.017578125,263362,22811,15114,85,17628,2109,onnxruntime-genai,QmWKiJkTzJzQpuDhfPLu71LZdmYPuqtBKDCR6MiV2A6Jfa
262144,100032,1,3,0,4,2,10,218.119140625,218.017578125,462639,33734,30054,85,23341,2938,nbformat,QmdgiRTFZAjdbbHEmCVDCqhYR6SRKyw11jivKqr8bJYom9
131072,67627,1,3,0,2,2,19,218.119140625,218.017578125,181020,22811,15114,85,17628,2109,google-cloud-core,QmWDxVDgEJioQKAh8yGDLVWQnV2G8zPgKipe6ErAf5JyMU
524288,237493,1,1,0,14,1,39,218.119140625,218.017578125,1092298,89791,104884,85,29054,3767,mcp,QmRK3KW8DpZhP573NLeNF3pRdYgV9yH6tYbYXCGFpo44sy
262144,185279,1,1,0,10,1,34,218.119140625,218.017578125,741450,67525,74952,85,29054,3767,mistralai,QmcjhTrjjqjzwTszgSNQ4jVmGpJrUscZhsGTHSrLAbtu7M
262144,126583,1,2,0,6,1,20,218.119140625,218.017578125,455282,45303,45020,85,23341,2938,google-cloud-resource-manager,Qmd2KgBB2D241Vv2G7eh1wUcNV89kZCS1Q5gW7fkhHT6iF
131072,48056,1,1,0,1,1,19,218.119140625,218.017578125,159503,17287,7618,85,11915,1280,microsoft-agents-copilotstudio-client,QmPQ7DS3i3JCArRXVAby8x26uLm3uf8cWJbtjcZwUWixeT
262144,113510,1,1,0,5,1,13,218.119140625,218.017578125,415235,39713,37537,85,23341,2938,azure-identity,QmYaokxGmPtGEiRrLuTcYm78Mp7cRD3yHmVx2fFQjVTYn9
262144,100452,1,2,0,4,1,18,218.119140625,218.017578125,363535,34154,30054,85,23341,2938,openapi-spec-validator,Qmb2g1tJUxaYEMiRC5ai55oecLhXQ7df9pqGAbknqUHxtJ
262144,100032,1,2,0,4,1,18,218.119140625,218.017578125,386798,33734,30054,85,23341,2938,nbclient,QmXdhnm6jpiBaSMXVmWtykjLdu5kRDXAQgPCHu4TC5wqWg
262144,139600,1,3,0,7,1,40,218.119140625,218.017578125,695417,50837,52503,85,23341,2938,accelerate,QmRPy4BD2iawGTmekPPu1rpyqQYPxQbg5BocwuCiDJUoHe
262144,139615,1,2,0,7,1,25,218.119140625,218.017578125,533000,50852,52503,85,23341,2938,google-cloud-bigquery,Qmczn8dTE2rsrQ9JDYEuFooJmv4LYmJXVx5JLjhKgGt1pP
524288,413291,1,1,0,27,1,86,218.119140625,218.017578125,1950401,161752,202163,85,34767,4596,chromadb,QmeW5kuAXyT6ibhPjZaUHxHnqC7cJDjD7H4JSgYQAM9BzP
262144,126171,1,2,0,6,1,22,218.119140625,218.017578125,494859,44891,45020,85,23341,2938,google-cloud-storage,QmfWrD98rygwt2F9FfDv7RG5aZH9HJjvci2o6n9zWLkLiY
262144,158794,1,1,0,8,1,24,218.119140625,218.017578125,685955,56006,59986,85,29054,3767,openapi-core,QmU53Efjm3qRynNyNwqGYu4LuBcTDZNiSiMGNfRawFci11
524288,237491,1,1,0,14,1,32,218.119140625,218.017578125,1037314,89789,104884,85,29054,3767,nbconvert,QmSM7KRmNFP8jyrGmATdLeMYDVvYn2hf2spP8rdn1G4Vgs
524288,210990,1,2,0,12,1,43,218.119140625,218.017578125,886446,78270,89918,85,29054,3767,transformers,QmeT7gPAqsSUyBZCTU3KVG13rX4YyCXmmPkbot6QTUWage
524288,224290,1,1,0,13,1,47,218.119140625,218.017578125,791412,84087,97401,85,29054,3767,google-cloud-aiplatform,Qmd8FX9Hfce7YDqQ3RpMrsuxWTtg4UMeGMtpt8yVapYFpt
262144,185231,1,1,0,10,1,50,218.119140625,218.017578125,292880,67347,75082,85,29054,3767,sentence-transformers,QmRLz6JzMWJMWKV2qjXWmvHtewdJMvpuY5qsAkQPemLuTW
1048576,694658,1,0,0,48,0,322,218.119140625,218.017578125,1132483,278810,359930,85,40480,5425,semantic-kernel,QmTtowddJdUnGpBUcRTGKBZpQpZ1YSuVAX4NwjaGAu4Vbn
65536,28110,1,4,33659,0,3,0,216.150390625,216.048828125,0,11636,93,85,6138,443,content-type,Qmau5bgvb94tVNoPZ783pesKA6om5qvgHKukYQj5u2qx81
65536,28090,1,3,33769,0,1,0,216.150390625,216.048828125,0,11616,93,85,6138,443,negotiator,QmRj4s2YWLz3ac1DYtCd52gEHaAwNJLPSGjtvPKugKyh2r
65536,28293,1,5,34148,0,1,0,216.150390625,216.048828125,0,11819,93,85,6138,443,mime-db,QmaERh2dS1yb2frJwt8ijxBdFHYoxsDgXnviFr6n3Xx98W
65536,28295,1,4,34126,0,2,0,216.150390625,216.048828125,0,11821,93,85,6138,443,bytes,Qmac7RfyCNcT2LGvidpdjGn5NdaXPbqZ3rKEa9aS3fnyQu
65536,28072,1,5,33440,0,2,0,216.150390625,216.048828125,0,11598,93,85,6138,443,ms,QmXXX4hJnxmJ9sRJeVJjfA3ZpRPEvugMzjiDw9mou9hftx
65536,28093,1,5,33569,0,3,0,216.150390625,216.048828125,0,11619,93,85,6138,443,depd,Qmc5DgMbnxhPgC1GCtd5iWULbwqpuTSjosFGpZpwe4Ns6T
65536,28097,1,5,33475,0,1,0,216.150390625,216.048828125,0,11623,93,85,6138,443,setprototypeof,QmPUE1XPQjEqQgjhGDm9dD3W14AhooWFVasQ7DeTeDHd28
65536,28068,1,5,33678,0,1,0,216.150390625,216.048828125,0,11594,93,85,6138,443,inherits,QmRRe8QmirWL1r7FcRmTtypsXyT2uTpYGRyn5FC5B9ZdxS
65536,28068,1,5,30612,0,4,0,216.150390625,216.048828125,0,11594,93,85,6138,443,statuses,QmSoio2YfL6FMwRe9BAttoEJJE8kg8oB7K4Wip2GnpcKFz
65536,28110,1,5,32085,0,1,0,216.150390625,216.048828125,0,11636,93,85,6138,443,toidentifier,QmXPjrtNVMJmFE7SLbGNc3otyQbGQjbhA8iwf8dhKJXQx4
65536,28110,1,5,33223,0,1,0,216.150390625,216.048828125,0,11636,93,85,6138,443,safer-buffer,QmVg29UYdVRUbcpQtY6xdvTjdyhecypCPA2qfFFjVGrwQN
65536,28068,1,5,33000,0,1,0,216.150390625,216.048828125,0,11594,93,85,6138,443,ee-first,QmZ4bV8eKWnX5qwK8vzhqGyXEQDskYjzp1wJ7swTRHNNro
65536,28271,1,12,30868,0,8,0,216.150390625,216.048828125,0,11797,93,85,6138,443,es-errors,Qmbexq11SK1n9xMFqkuGqBNsGWPSrkyg8vkecv8rSBVyYf
65536,28300,1,7,32114,0,4,0,216.150390625,216.048828125,0,11826,93,85,6138,443,object-inspect,QmbRorXJq1nvZqHCRyrCdNLVeKGDxgMYniJB5fiEVeeKKD
65536,28106,1,9,32043,0,1,0,216.150390625,216.048828125,0,11632,93,85,6138,443,es-define-property,QmVv6RuvWA7d8pvLCfKnbxHzvHc6jsZQakYhZBciH6PTGb
65536,28312,1,12,32462,0,3,0,216.150390625,216.048828125,0,11838,93,85,6138,443,function-bind,QmUm2w2Hn4oV5HxKDZKNPaCQNtecSJt5zX8CkBcS2BjyGr
65536,28093,1,11,32789,0,2,0,216.150390625,216.048828125,0,11619,93,85,6138,443,gopd,QmUhQc2ynWr8vnsxcdMemRuroy8xLJwddXonZ3rQWaSEHC
65536,28292,1,9,32297,0,1,0,216.150390625,216.048828125,0,11818,93,85,6138,443,has-symbols,QmRXPuroMvpLimz3CitQG7zHLuj8fo2E1KVhUACiNeZk1u
65536,28300,1,9,31235,0,1,0,216.150390625,216.048828125,0,11826,93,85,6138,443,math-intrinsics,QmZHhxXBbJSBHDPq6dtKHpwVYGBcVSrRikZzVTakfwddgR
65536,28080,1,4,31619,0,1,0,216.150390625,216.048828125,0,11606,93,85,6138,443,unpipe,QmVbggcCvucMbFspUUMmXMaEvmua7nXrF4P6ByKdHMKHvy
65536,28292,1,4,32823,0,1,0,216.150390625,216.048828125,0,11818,93,85,6138,443,media-typer,Qmc3ANnE42Lt8ZZLTswc5pNARQku7JXfmB9rAPSkW2Unkb
65536,28308,1,2,31559,0,1,0,216.150390625,216.048828125,0,11834,93,85,6138,443,content-disposition,QmauR8aQaJ5aZ6p4XQbtYhemCy2zHaFyRBJcGRbQoztgHF
65536,28085,1,2,31902,0,1,0,216.150390625,216.048828125,0,11611,93,85,6138,443,cookie-signature,QmSuxT7cYv8e1xWsbdCVAoWRCL7EXiEpqbgG7td991s2mo
65536,28080,1,2,32229,0,1,0,216.150390625,216.048828125,0,11606,93,85,6138,443,cookie,QmTif6589R4mJUxsySLZqfKPzeDpzhvvAnhuiW8BLft6UY
65536,28271,1,4,32017,0,4,0,216.150390625,216.048828125,0,11797,93,85,6138,443,encodeurl,Qmc82gtKyWfPxuWKuaQt6hbDayDTVGPqz7weVssPeNPGhX
65536,28292,1,4,32108,0,4,0,216.150390625,216.048828125,0,11818,93,85,6138,443,escape-html,QmTs3vkSa82GuVpyZtf3mt6Ecf2qmPA7ZRS4p2HwWfD4CP
65536,28068,1,3,31604,0,4,0,216.150390625,216.048828125,0,11594,93,85,6138,443,parseurl,QmYN4aRbpCLgiwB8RcMYjH8T55YZWmvbssCYdkBDpTQFHc
65536,28093,1,4,32484,0,2,0,216.150390625,216.048828125,0,11619,93,85,6138,443,etag,QmTZM7uCRPoXUGNuE87xZ8AMcixqN9dfYMgH64YiDzb1kN
65536,28295,1,4,32820,0,2,0,216.150390625,216.048828125,0,11821,93,85,6138,443,fresh,QmSLpCMg1yg9NBYULoXAGbY6exMqp4bUYQstSeWjjwWJRH
65536,28288,1,2,32354,0,1,0,216.150390625,216.048828125,0,11814,93,85,6138,443,merge-descriptors,QmbZq3QAGYuhTV8jE8jFHMGGkYQPMZXsVyyihwjxdmHerZ
65536,28080,1,3,32180,0,1,0,216.150390625,216.048828125,0,11606,93,85,6138,443,wrappy,QmaLvwWRUt3wWUGQksuekAuCEHfXsK5x6FFoyJfLpFSXRz
65536,28271,1,3,32410,0,1,0,216.150390625,216.048828125,0,11797,93,85,6138,443,forwarded,QmXdiWuTTByRDdu3L2GMCYfYhSp9kNtWKJSLSoBa8y7LLY
65536,28271,1,3,32239,0,1,0,216.150390625,216.048828125,0,11797,93,85,6138,443,ipaddr.js,Qma7x2T2rcJjJGnEtHRrueRrXvCVjKUibwULzHBLzTqMFM
65536,28110,1,4,31925,0,2,0,216.150390625,216.048828125,0,11636,93,85,6138,443,range-parser,QmXisFRzHgJVegw2XdLgJLxdbx7BdrcZDck8kfZQgaY1j3
65536,28090,1,3,32602,0,1,0,216.150390625,216.048828125,0,11616,93,85,6138,443,is-promise,QmSPHvMvwRichoYhnrzK2Mdjm6fKfEBgB9Ckf5XnsCXiJo
65536,28097,1,3,32616,0,1,0,216.150390625,216.048828125,0,11623,93,85,6138,443,path-to-regexp,QmQCczVRXGUNhJV7ivMHs4zCaERaaMy3Kqj5x9VkVj2dkA
65536,28093,1,2,24466,0,1,0,216.150390625,216.048828125,0,11619,93,85,6138,443,vary,QmQ1SeY1WPB1ajFK51GrqfehSsCTApRrspWkUezXL5oXis
131072,47969,1,4,0,1,4,1,218.119140625,218.017578125,206519,17213,7605,85,11915,1280,mime-types,QmZWUb6kqAUMRJ56nZiUpTjAf1BTdjv1x2j4x85Zm5gQFA
131072,48174,1,4,0,1,5,1,218.119140625,218.017578125,207449,17418,7605,85,11915,1280,debug,QmVmX7Ee4hL4p2qSCXEYcTtHJcpTWcZHQYutxjySy2Sa2A
131072,47969,1,4,0,1,2,1,218.119140625,218.017578125,190582,17213,7605,85,11915,1280,iconv-lite,QmYkqdimSxUxh7sH2w9AHKQAWZMfVSiwj7MKyvzzng1779
131072,48184,1,4,0,1,4,1,218.119140625,218.017578125,194740,17415,7618,85,11915,1280,on-finished,QmamsLWqbPca8akYt6aYuHWKBxVPDEMpS38MhVpf4xDGpA
131072,48192,1,10,0,1,2,1,218.119140625,218.017578125,193335,17423,7618,85,11915,1280,es-object-atoms,QmXGGNQM7eELK3jrtXeTgg4ttDWJAJLCFdTJ2xWNBhRMc7
131072,67822,1,11,0,2,3,2,218.119140625,218.017578125,283483,23006,15114,85,17628,2109,call-bind-apply-helpers,QmQoXjUUESrHWyn1vhbFH4EgwTx6u9GT82NhgSVGDqAA7e
131072,47959,1,9,0,1,1,1,218.119140625,218.017578125,196000,17203,7605,85,11915,1280,hasown,QmYuNeD4R7j8GdcHYiF27rCJUFFZFvJiJxPLJmMYG9Mmxe
262144,113541,1,4,0,5,4,5,218.119140625,218.017578125,629181,39679,37602,85,23341,2938,http-errors,QmUKF4FJwr8ioaof2vwBs9atrCkWTLo6uJsRiup15GNtVz
131072,67767,1,5,0,2,1,2,218.119140625,218.017578125,295384,22977,15088,85,17628,2109,side-channel-list,QmYe5rXV2X5t96j6Z9VmCrRUU6jqzztkWaYPBzwP34w6cX
131072,47985,1,2,0,1,1,1,218.119140625,218.017578125,198032,17216,7618,85,11915,1280,once,QmPQ9T2czk6gSEHibtKxWe9v943zAH8JL28zpkKvzybtWd
131072,67788,1,2,0,2,1,3,218.119140625,218.017578125,228465,22972,15114,85,17628,2109,accepts,QmW4HrmXDegfbGBWjjyJvTmKg4uero8Qt3VTT1gfzLLPC2
131072,67569,1,2,0,2,1,2,218.119140625,218.017578125,291279,22779,15088,85,17628,2109,proxy-addr,QmdaEGvmQ8RpFGEFVQU8f9BkDv8dhinR4kRvdzKZzforHz
131072,80850,1,3,0,3,2,4,218.119140625,218.017578125,348274,28538,22610,85,17628,2109,type-is,QmbCoyYPsCfTc1uBX8MTanTnCbnxf5kGHjxM4P2UwnWdtf
131072,80677,1,10,0,3,1,4,218.119140625,218.017578125,338643,28365,22610,85,17628,2109,dunder-proto,QmVpccpvcPe8ZvLeFjoyQpAc9NfHQ2JtfYZimeU7u7CMTs
262144,113264,1,2,0,5,1,6,218.119140625,218.017578125,550487,39467,37537,85,23341,2938,router,QmYb7q9cqaYi4PdwXhYmDDQ3UUcYcvaxT39ZKs7P2CuPkR
131072,67750,1,9,0,2,1,6,218.119140625,218.017578125,190347,22960,15088,85,17628,2109,get-proto,QmdiYpY7Qq2nPCbLaTdaJsEchqzGAr8rTmDhBU3ogFoPxa
262144,126421,1,2,0,6,1,8,218.119140625,218.017578125,601614,45063,45098,85,23341,2938,finalhandler,QmXprunyTfCLGg4TXKk9YJKtLjnDcxZ38VYmgLbCvNiDfT
262144,100239,1,3,0,4,1,10,218.119140625,218.017578125,422554,33889,30106,85,23341,2938,raw-body,QmUzSWg6tCkrbJPxe4dyjzfbuqwqxf8n7T7eVmY21y65Z6
262144,198256,1,3,0,11,2,17,218.119140625,218.017578125,622017,72876,82578,85,29054,3767,send,QmeKWBboaui8uS9TkJq6AYs1G4fWSVkU5bzG3yuwpCeEap
262144,185283,1,8,0,10,3,11,218.119140625,218.017578125,481631,67529,74952,85,29054,3767,get-intrinsic,QmP2PQM4qvG1N4HrXCAchMPvSSca4M1Zfhqfehjx2vsPUH
131072,67569,1,7,0,2,2,12,218.119140625,218.017578125,101209,22779,15088,85,17628,2109,call-bound,QmW7Mu2Fs71TsevPC1Kx91kF95PcdiYHQrNCPk8nwqtUFX
262144,100281,1,2,0,4,1,19,218.119140625,218.017578125,254694,33931,30106,85,23341,2938,serve-static,QmYu3fZVfuT6hjLrk8tr3G4dgv56FUuWgjpioqTc1j7K5W
262144,100256,1,6,0,4,2,14,218.119140625,218.017578125,184234,33906,30106,85,23341,2938,side-channel-map,QmUSAjkM9Z9TGmo7mv3C7YDcYtRVg9fa9wKkKVBTftujCB
262144,113376,1,5,0,5,1,15,218.119140625,218.017578125,182809,39514,37602,85,23341,2938,side-channel-weakmap,QmZ5dL3Hoizoxjq41myhVsk9ab3KSsBdC478QBfE6F584W
262144,113359,1,4,0,5,1,17,218.119140625,218.017578125,180066,39497,37602,85,23341,2938,side-channel,QmeJjwXYT8kSh5arYXdWzfUStoj7PzCpdr4yFFdgY6YY2u
131072,47988,1,3,0,1,2,18,218.119140625,218.017578125,55701,17219,7618,85,11915,1280,qs,QmZAxCxQb1RWVX3oSBTUZPFUGg4mVizhddGwZU6HYHLZbo
262144,172331,1,2,0,9,1,39,218.119140625,218.017578125,254311,61943,67586,85,29054,3767,body-parser,Qmc7KZPBuqK6Fai2BfEpLAyzNX3dh9Z8L4WC52ds9WZT9q
524288,427074,1,1,0,28,1,64,218.119140625,218.017578125,835722,167688,210010,85,34767,4596,express,QmbizbTzFTNZao3oK6bMzD8bKBNeBn1wNCwCWq4ZgQKxNo
131072,47969,1,0,0,1,0,65,218.119140625,218.017578125,55959,17200,7618,85,11915,1280,express,QmfAMdHKGmbFgmv43cZY9T51CynpSFswNTwnx1E9bMqL4Y
65536,27779,1,3,11740,0,2,0,216.087890625,216.017578125,0,11632,105,85,6137,443,dnspython,QmRtoaNHFYwCyBbLQxGz8cHxxmqwEfi6NHMxGJJaCc1dZY
65536,27972,1,3,11251,0,1,0,216.087890625,216.017578125,0,11825,105,85,6137,443,ifaddr,QmWi9PxeXEi3jp7UYJcGP2BwPVj6KMmbHiymJ85Gqigcyb
131072,66919,1,2,0,2,1,2,218.056640625,217.986328125,111407,22998,14567,85,17627,2109,aioice,QmcRBq37qBBhR7UrQE7sjsvST2nZHL5iaRMFrmBXD9QZ28
65536,27973,1,2,11523,0,1,0,216.087890625,216.017578125,0,11826,105,85,6137,443,av,Qmdt64d1o5n99hASLj4GxvmswbSKYCJFDCkPGsNN9wK43A
65536,27949,1,8,11374,0,1,0,216.087890625,216.017578125,0,11802,105,85,6137,443,pycparser,QmdKRXzK6FP1J8GNqaL6oCiB7C6GBV77P4FHsscWsH3pnw
131072,47382,1,7,0,1,3,1,218.056640625,217.986328125,75187,17242,7337,85,11914,1280,cffi,QmaKqNXfQMp5wMob48taMzKx3VSLv6UgyXGnikR9PzvZhh
65536,27997,1,8,11025,0,47,0,216.087890625,216.017578125,0,11850,105,85,6137,443,typing-extensions,QmR1DJzWpQby3KDnnW5yMjrHZvNUQVdpFhK7Ug2KJozJSh
131072,66531,1,6,0,2,11,3,218.056640625,217.986328125,93497,22610,14567,85,17627,2109,cryptography,QmWWcKdwcABkAvT7gGSdW1pjzKJdXEtpNdD2yQEhB5wFfU
65536,27786,1,4,11334,0,3,0,216.087890625,216.017578125,0,11639,105,85,6137,443,google-crc32c,Qme2y9n5TgGHXPwcKduPGdnuWFvhjfMYJAHk3yUpkfoUdT
131072,47167,1,2,0,1,1,1,218.056640625,217.986328125,73876,17027,7337,85,11914,1280,pyee,QmW6AX7gdyppagWzUK5i2ZcC5xw6si2Nt4GQ63ieoh15nu
131072,47382,1,2,0,1,1,2,218.056640625,217.986328125,56445,17229,7350,85,11914,1280,pylibsrtp,QmSXqYFDH8aSUxAX7RfwS6ZGhrgbbDmFRw4khuKKTX9nZ4
131072,66918,1,2,0,2,1,4,218.056640625,217.986328125,93414,22997,14567,85,17627,2109,pyopenssl,QmcBTDqSGmMkrGiqbahhKDQpMn6vyzwodgB12kbdcLNU6B
262144,137457,1,1,0,7,1,12,218.056640625,217.986328125,218360,50828,50717,85,23340,2938,aiortc,QmQdWLbbKGaBJtVFsUC8FQU16VWYRzb7uvp12F72NGhTVj
131072,47579,1,5,0,1,3,1,218.056640625,217.986328125,74201,17439,7337,85,11914,1280,exceptiongroup,QmdAwnQKh3mBj4ycaGupb7mwAbVkmxqcphruJPi9Cr6PHW
65536,27590,1,6,11175,0,4,0,216.087890625,216.017578125,0,11443,105,85,6137,443,idna,QmXQv3Xg7TLoHaXV21YkqCCQ5b8eRhLn6XTFbM9f38xqGy
131072,79705,1,4,0,3,8,3,218.056640625,217.986328125,128480,28554,21797,85,17627,2109,anyio,QmbqQMBT8ow3NUwSKKHtqQFPUJNN2FU7JhVFeUQhA2Y1GB
65536,27972,1,3,11019,0,3,0,216.087890625,216.017578125,0,11825,105,85,6137,443,distro,QmaYJ87uaMiFpVXLW89GwJna9hRHZJSQQxiLtvtn4QVqEp
65536,27602,1,2,11193,0,2,0,216.087890625,216.017578125,0,11455,105,85,6137,443,docstring-parser,Qmd8kWAGe1JTEzcdcSjo1EjNpmR9JaPkapzTDY936hLhsX
65536,27991,1,6,11051,0,5,0,216.087890625,216.017578125,0,11844,105,85,6137,443,certifi,QmZP57Nbmep53CVXcuxzjR9LZkTuLHV3pyrMTeujV5BExk
65536,27769,1,5,11378,0,1,0,216.087890625,216.017578125,0,11622,105,85,6137,443,hpack,QmPSviZJpT7mRTfJ3b3upi7X1ZyK3nrksrwUUg1M96PD2R
65536,27981,1,5,11749,0,1,0,216.087890625,216.017578125,0,11834,105,85,6137,443,hyperframe,QmVoaZ9vdJq2J7Zi3xYAkJ5rLDMocKsKkrDaYd9JXrp9cV
131072,66900,1,4,0,2,1,2,218.056640625,217.986328125,109983,22979,14567,85,17627,2109,h2,QmZK86VuqGGygXB6zmMWshNWm57fS9tPLYW1qoyTmDALvv
65536,27983,1,5,11704,0,2,0,216.087890625,216.017578125,0,11836,105,85,6137,443,h11,QmTV4qvCPyD7giMduz5AFTQUYr5AJmqzwi6qcSfko7cSQP
131072,66704,1,4,0,2,1,2,218.056640625,217.986328125,109366,22783,14567,85,17627,2109,httpcore,QmfTovSLKnYssnn9K1VzqdKvEBitAQXisAqTPpVD7d2Zaj
262144,111855,1,3,0,5,9,10,218.056640625,217.986328125,182583,39686,36257,85,23340,2938,httpx,QmeqexZYmiJvcek6BDS2gmmQmhpg94AznBQ7Yu2Z6cix2W
65536,27972,1,3,11461,0,2,0,216.087890625,216.017578125,0,11825,105,85,6137,443,jiter,QmY6fnnTbTA6iHKoYAkLtHt4MZ4b3sxA9VCcj95GaP8Ez4
65536,27999,1,5,11679,0,1,0,216.087890625,216.017578125,0,11852,105,85,6137,443,annotated-types,QmWDWn3AfZM2bTX7f6oare4zLWexVY9SppzX2LaxaFutep
131072,47579,1,5,0,1,1,1,218.056640625,217.986328125,73959,17439,7337,85,11914,1280,pydantic-core,QmV8HjN2KTMf3UnKMBxpb4iACMG26EoWvjiGAA7MPpEBpB
131072,47398,1,5,0,1,4,1,218.056640625,217.986328125,72739,17245,7350,85,11914,1280,typing-inspection,QmYg1fW1BtegWWncFWpwsXHKY5eZiUq5CwLzguqQara8SU
262144,98911,1,4,0,4,14,4,218.056640625,217.986328125,165397,33936,29079,85,23340,2938,pydantic,QmaLNLVtmTiPwxDry6seGVXarh1HmdP9TCogArAdCM4M3t
65536,27982,1,3,11640,0,2,0,216.087890625,216.017578125,0,11835,105,85,6137,443,sniffio,QmbYW2iipZYFsMzdYUYAgVxhc9N9eYUPq2xs4WGT78VnaV
262144,156794,1,1,0,8,1,19,218.056640625,217.986328125,289206,56393,57947,85,29053,3767,anthropic,QmXwDrmiJBQcatkqg5H64KSjcf6q84WHsqZdHvgNKiqJ8N
65536,27779,1,2,11479,0,1,0,216.087890625,216.017578125,0,11632,105,85,6137,443,diskcache,QmXqdYF7SQXyt4zubMgmFs9PBEAU58JjyoRU7K1UdEkGTW
65536,27768,1,3,11414,0,3,0,216.087890625,216.017578125,0,11621,105,85,6137,443,pywin32,QmTFyrTHPSxoPZWF9NUtRfbPbYSSkRctMiGbgWacpNrAYW
65536,27997,1,6,11384,0,1,0,216.087890625,216.017578125,0,11850,105,85,6137,443,charset-normalizer,QmYDAiCexfvZzRAoqqhsADkgaqrB9QUfJcNQxXE8nZStyj
65536,27982,1,6,11532,0,6,0,216.087890625,216.017578125,0,11835,105,85,6137,443,urllib3,QmVLDmpa8EA4nnLGKKtREoEMvHa1kgxj5EytDgVcRY28xY
262144,98657,1,5,0,4,17,4,218.056640625,217.986328125,204612,33734,29027,85,23340,2938,requests,Qmcm7V475fSRgjjC4hSAgHQv5KYQKL5xZtKirNEDCt6w17
131072,79705,1,2,0,3,1,6,218.056640625,217.986328125,128534,28554,21797,85,17627,2109,docker,QmNn6WYyJ4yRV5JCwjAj6H4rRtRiRG9fwDxZKYeHMY5hwb
65536,27972,1,4,11646,0,19,0,216.087890625,216.017578125,0,11825,105,85,6137,443,numpy,Qmf1EK1jCrj16DVkLQMFQ9ZKkB5RDSTZvwXPthYXDRbgKq
131072,47372,1,2,0,1,1,1,218.056640625,217.986328125,73463,17219,7350,85,11914,1280,flaml,QmWur5quRJAisQdpYDW62vV1LYiv4rPcZ8JsYRLdMebETx
65536,27767,1,6,11112,0,8,0,216.087890625,216.017578125,0,11620,105,85,6137,443,colorama,QmSRJoL38etQDpdcSfyCgGu7v38sNcAd1USYrtEPkEyoJb
131072,47167,1,5,0,1,6,1,218.056640625,217.986328125,73533,17027,7337,85,11914,1280,tqdm,QmX1m9SEF82Z4qd1DitJrh6zuCBbpjWumTfX8NrbnLVKqN
262144,156795,1,2,0,8,1,20,218.056640625,217.986328125,273645,56394,57947,85,29053,3767,openai,QmXT5cPEbbcyQgDpaQ5s7Zc25TTKJRdJZDRDXHKrHaCU4k
65536,27768,1,5,11153,0,15,0,216.087890625,216.017578125,0,11621,105,85,6137,443,packaging,QmYUfHNCLbwYGn55uUAp5pHZkKxLcKSTkKw3buut4Pn4Ph
65536,27786,1,3,11325,0,5,0,216.087890625,216.017578125,0,11639,105,85,6137,443,python-dotenv,QmXWSGwVa7mVbQxNmhARCCcPbjGhhcMsf31cQzWkh7z37M
65536,27779,1,2,11298,0,1,0,216.087890625,216.017578125,0,11632,105,85,6137,443,termcolor,Qmc4JPpdEeRbYpMcYohe5KSZFboyFv8ciDzVQsXGLaAnLD
65536,27779,1,3,11153,0,2,0,216.087890625,216.017578125,0,11632,105,85,6137,443,regex,QmdApLSoL25489KfjxMJj3CiJDRC5Gm4BXAmhTm9EbGBio
131072,66523,1,2,0,2,1,6,218.056640625,217.986328125,92839,22602,14567,85,17627,2109,tiktoken,QmebibVTUX81RiDEQW24GqzgsyZgdEv2EST9W6qqh5sH4E
262144,182402,1,1,0,10,1,34,218.056640625,217.986328125,326516,67541,72407,85,29053,3767,autogen-agentchat,QmRapparJwBkV6abdoWwrh7AWrqHNJixN7XjteHTUzcbDN
131072,66928,1,3,0,2,9,6,218.056640625,217.986328125,89353,23007,14567,85,17627,2109,azure-core,QmZhjP4xoAZaWeutunqKamYs1LMEqKJAZMSoRz9GCsqviX
65536,27982,1,3,11532,0,7,0,216.087890625,216.017578125,0,11835,105,85,6137,443,isodate,QmYS8zcSznqiMUmjjig4Qqc2NPVWBJpVQKaFgT3fWQ8S8h
131072,79750,1,1,0,3,1,8,218.056640625,217.986328125,125737,28599,21797,85,17627,2109,azure-ai-inference,QmW9PokQDVqaWSi4anM9FSNbMPJBF65diXadkyaCbR5gTM
131072,79560,1,2,0,3,1,8,218.056640625,217.986328125,126246,28409,21797,85,17627,2109,azure-ai-agents,QmeUvxR1FfwyNsqc2NokSBYMEGh1ZwfDjwWYrTM2KSeFbC
262144,99088,1,2,0,4,1,11,218.056640625,217.986328125,164485,34165,29027,85,23340,2938,azure-storage-blob,Qmdh7D8bykySMD8VVJi9F9Gg2g9JGcYmmAvrmCpGEJnFbm
262144,111743,1,1,0,5,1,13,218.056640625,217.986328125,181138,39509,36322,85,23340,2938,azure-ai-projects,QmPduqRAZfGcG3JezMtT1Hx6rWMX4NqWXvCbfbhaZc8u2j
65536,27577,1,7,11545,0,1,0,216.087890625,216.017578125,0,11430,105,85,6137,443,zipp,QmYUH3XLBGAzekfz5cLzxqQd56n71UYsoTWrezBzrhgsgc
131072,47587,1,6,0,1,2,1,218.056640625,217.986328125,73663,17447,7337,85,11914,1280,importlib-metadata,QmPoeJ8g31PFKeqmgAeEegNe1QfPuDoLMMuUouUe6KRrL6
131072,66934,1,5,0,2,7,3,218.056640625,217.986328125,90232,23013,14567,85,17627,2109,opentelemetry-api,QmceyjZTafgez95ykeNyhe2rBg2Czk8ZEV5U3fymaCYpq8
131072,66586,1,1,0,2,1,10,218.056640625,217.986328125,73671,22639,14593,85,17627,2109,azure-core-tracing-opentelemetry,QmbYtAgmaTNUtXeEfReFvh2SjokSjoNuL22H1ydA8nTCuN
131072,66531,1,1,0,2,1,7,218.056640625,217.986328125,90069,22610,14567,85,17627,2109,azure-cosmos,Qmd8BVdC1wnDSa1KG6nAyT6sgATRg9pAt93Z46FDuALpW3
131072,47562,1,4,0,1,3,4,218.056640625,217.986328125,56011,17422,7337,85,11914,1280,pyjwt,QmWrDFagYAWKfpx9evsiC9hkSP7o3EAiuqwa9nAv9nvWkq
131072,79310,1,3,0,3,2,10,218.056640625,217.986328125,92779,28159,21797,85,17627,2109,msal,Qmch86DnMuhdf3s7q6yPWZ7x4NzJX2h6TbLCUdgV1f7yfq
131072,47589,1,2,0,1,1,11,218.056640625,217.986328125,56918,17449,7337,85,11914,1280,msal-extensions,QmQZXzZYZM3guhu7sboVeBt4JfUqb8VJRsDBjtRKsxygsy
262144,111882,1,1,0,5,1,13,218.056640625,217.986328125,164056,39713,36257,85,23340,2938,azure-identity,QmYzRwXBGtaHw4Zh2amGejPiukNtpCLrUk6HTT3BAerq18
65536,27594,1,2,10990,0,1,0,216.087890625,216.017578125,0,11447,105,85,6137,443,azure-common,Qmd9wgSSxYXFJxYL5vWQnXwF8fzhDCtpV943g3Z2Mz9FYK
262144,98691,1,1,0,4,1,9,218.056640625,217.986328125,177998,33768,29027,85,23340,2938,azure-search-documents,QmbhpHuaLfNdqtagS78XpVf62wKfBrUwMG9VGFLjG4g9AZ
65536,27767,1,4,11107,0,2,0,216.087890625,216.017578125,0,11620,105,85,6137,443,jmespath,QmPvBsCiWXimeJMb21rq6QXWeaETrDWxyMoQxz436GeJTd
65536,27983,1,5,11305,0,4,0,216.087890625,216.017578125,0,11836,105,85,6137,443,six,QmYaRzUrdvUHaAvST7fBHPgf8uJsAP8K6bxKWCHr1fBnW5
131072,47392,1,4,0,1,8,1,218.056640625,217.986328125,73565,17252,7337,85,11914,1280,python-dateutil,QmXuaxrwzH85qtb7i8gtWz3VSmKiYsKP3wX9yLQDbthXCn
131072,79560,1,3,0,3,2,4,218.056640625,217.986328125,127277,28370,21836,85,17627,2109,botocore,QmQga2DiBfYrKRRB6uaqgiLksjQLtg4v6XExr7KKNnmndq
131072,47581,1,2,0,1,1,5,218.056640625,217.986328125,56352,17441,7337,85,11914,1280,s3transfer,QmWHSrnS8oVwWf2BTEX5FaHfWUgDQsyrDC8TYJvXvJjf6m
131072,79715,1,1,0,3,1,6,218.056640625,217.986328125,109851,28564,21797,85,17627,2109,boto3,QmZQwXNMNpKeSANRSH5aFYmkcukahVyu2Cxn8pCVVCSyRe
65536,27972,1,2,11027,0,1,0,216.087890625,216.017578125,0,11825,105,85,6137,443,bcrypt,QmQMgSCzfRcydi5jaqU3Bfiqn4HSYtrk64mJabqtv9Pga9
65536,27999,1,3,10735,0,1,0,216.087890625,216.017578125,0,11852,105,85,6137,443,pyproject-hooks,QmeiC8riVsmfw3zN8us7sDQMcGSw1nJHdtbxRJEGk1nNqJ
65536,27769,1,3,11439,0,4,0,216.087890625,216.017578125,0,11622,105,85,6137,443,tomli,Qmf54ruKYFBJgzZEwwdwx9c9pyK5tczA25HiYpFUjLZ8PW
262144,111717,1,2,0,5,1,6,218.056640625,217.986328125,215675,39483,36322,85,23340,2938,build,Qme5AbLQf5xoxAVUqSkMdz2EeTTEaD9HqtdbZ8kkn3dCd7
131072,47572,1,7,0,1,12,1,218.056640625,217.986328125,71220,17432,7337,85,11914,1280,grpcio,Qmbpz7iXt3J7cnWwEsDNQf9EKzy96oGEwXA6ydvKyQoRAe
65536,28007,1,2,11647,0,1,0,216.087890625,216.017578125,0,11860,105,85,6137,443,importlib-resources,QmWHXAp9Dcx7AhNDaRNS4oo4wwuEhqm99pSMcdVsE2zEkP
65536,27972,1,7,11211,0,3,0,216.087890625,216.017578125,0,11825,105,85,6137,443,attrs,QmPrEgQZeVrRcj47vNVkqxgYWpnD5hGciXw5KTfkxqJjcJ
65536,27992,1,7,11777,0,2,0,216.087890625,216.017578125,0,11845,105,85,6137,443,rpds-py,QmTLfAhEub2yAfgDBz7eKnJW7YJmaMTFHMFphVfAiURRdS
131072,79734,1,6,0,3,3,3,218.056640625,217.986328125,142487,28583,21797,85,17627,2109,referencing,QmUC5PVAhx1QdfnRDzefKjkvSWrLfgec4ytq7aD5zm1oqy
131072,47400,1,5,0,1,2,4,218.056640625,217.986328125,57342,17260,7337,85,11914,1280,jsonschema-specifications,QmczBoGfwukqU5FFyXzEXBUVX4vKrN3XH57M1a1P6Ka7wF
262144,99062,1,4,0,4,6,5,218.056640625,217.986328125,164490,34139,29027,85,23340,2938,jsonschema,QmYuAummpEmduPaPMj9fzyb4216XSZN7DjuDPdnTESFGaw
65536,27587,1,3,11341,0,1,0,216.087890625,216.017578125,0,11440,105,85,6137,443,durationpy,QmXYtJWvHK9r5AvTwXiLeyWVCnSkRvDKigbiaxAYM8n6pH
65536,27972,1,5,11378,0,10,0,216.087890625,216.017578125,0,11825,105,85,6137,443,pyyaml,QmRg7ZFda6GXkJocQDXYwp5rGWH7LB8JTSQaK42MPj4gw8
65536,27767,1,4,11113,0,1,0,216.087890625,216.017578125,0,11620,105,85,6137,443,oauthlib,Qma4zu9XGeAhNoCfDRRxdY6QjnDuSC9a8kHV4WSXKJJrjj
131072,66758,1,3,0,2,1,6,218.056640625,217.986328125,91125,22811,14593,85,17627,2109,requests-oauthlib,QmRwXNNoSZ7XeqkUe1ud5VGMkwux8BPR2orgwZjCANQ8Py
65536,27784,1,3,10761,0,1,0,216.087890625,216.017578125,0,11637,105,85,6137,443,websocket-client,QmRNU6PvJmmAKcz7DnK7Qatm8BsUJGZA1pkQv3CDAMmpvm
262144,169600,1,2,0,9,1,12,218.056640625,217.986328125,323173,61969,65177,85,29053,3767,kubernetes,QmRrsoCaK1ziPm8xgyN866twinURbKgJjg87ENYE2mbjto
65536,27792,1,2,11146,0,1,0,216.087890625,216.017578125,0,11645,105,85,6137,443,mmh3,QmNeWYz76oJPti3rbT4zaGTPAqKUpqYE3qQn9UajhAZmbq
65536,27991,1,5,11382,0,1,0,216.087890625,216.017578125,0,11844,105,85,6137,443,pyreadline3,QmbAGuVsyphTymUfFLeBr99pm4r1fbbxrZ7ERy7rTGP6jT
131072,47399,1,4,0,1,1,1,218.056640625,217.986328125,72164,17259,7337,85,11914,1280,humanfriendly,QmSPJ121gpjpfJu97P8BMuH7andaVYMct2NyCdzwh77QVQ
131072,47591,1,3,0,1,1,2,218.056640625,217.986328125,55795,17451,7337,85,11914,1280,coloredlogs,QmPtH95cSbT5rDct3ittKwB6DqoikP8wukD8GT7nzAi7MF
65536,27764,1,3,11197,0,1,0,216.087890625,216.017578125,0,11617,105,85,6137,443,flatbuffers,QmdtwTFummu7EeEQ1cfRFwRRjg6am6spk1cX3Db9MqWM9b
65536,27586,1,7,10569,0,14,0,216.087890625,216.017578125,0,11439,105,85,6137,443,protobuf,QmaTUWCKXVuzS4ziMEcHHtLApa46ZMD8Q96HCZa3i6ZnsC
65536,27972,1,6,11315,0,1,0,216.087890625,216.017578125,0,11825,105,85,6137,443,mpmath,QmXaJLWL5HDB7ENSNsqpCHdmGJL77WneXDssMLEKS5GHX1
131072,47562,1,5,0,1,2,1,218.056640625,217.986328125,72643,17422,7337,85,11914,1280,sympy,QmX7gPQiQBRPjDDuthEYe6fUxSvBYCU6BL7vnKY3VWjp73
262144,124680,1,2,0,6,2,9,218.056640625,217.986328125,232468,45281,43487,85,23340,2938,onnxruntime,QmTPM5wgcGkv7jxto7Lx8QUR3XeWUGNLKU74Ga1fLjWvV8
131072,66557,1,6,0,2,7,3,218.056640625,217.986328125,90693,22636,14567,85,17627,2109,googleapis-common-protos,Qme2EhyCM2n8LEdyk5EVZ1BUd2Rp9QEUifUctCA7rP19FM
131072,47607,1,4,0,1,3,1,218.056640625,217.986328125,73620,17467,7337,85,11914,1280,opentelemetry-proto,QmNtLTp6ar6cKEDzcGFM518p2Bcc3ZPDMaH8DeFBnnRfU9
131072,47244,1,3,0,1,2,2,218.056640625,217.986328125,56184,17104,7337,85,11914,1280,opentelemetry-exporter-otlp-proto-common,QmVuVAw4XMJR63yoesDgeP7pP2twFSojc7QMMdxK5TLnCf
131072,66978,1,4,0,2,1,4,218.056640625,217.986328125,91388,23057,14567,85,17627,2109,opentelemetry-semantic-conventions,QmSEpjxCVxCHfrpSghWer9LPvtWV6M53mfbdF5pcAHwrGB
131072,79730,1,3,0,3,4,5,218.056640625,217.986328125,109602,28579,21797,85,17627,2109,opentelemetry-sdk,QmTF4zHpDr6BEnf8ELFW9SRr3pvt15jVvE2khAPAdthZCe
262144,137525,1,2,0,7,1,11,218.056640625,217.986328125,197929,50896,50717,85,23340,2938,opentelemetry-exporter-otlp-proto-grpc,QmTF5oNdRfSX54VZ5cPhWSDZV3pKETdb74YgRr7fntnLg1
65536,27982,1,2,11486,0,2,0,216.087890625,216.017578125,0,11835,105,85,6137,443,orjson,QmWDNtoeevjA9asoawSUxk9ZM7SgcuYYd7D9S3wv1deZgP
65536,27779,1,2,11481,0,1,0,216.087890625,216.017578125,0,11632,105,85,6137,443,overrides,QmchJuEEEhWh6yj2M7Y43iKeZ9yTNGC4fxCctGEGZLMmsA
65536,27982,1,3,10634,0,1,0,216.087890625,216.017578125,0,11835,105,85,6137,443,backoff,QmYUKmHTRbHj4VT4CEVmNNbvKg8zgkU9oTBeiWU1bbsG5b
262144,111865,1,2,0,5,1,9,218.056640625,217.986328125,197908,39696,36257,85,23340,2938,posthog,QmW9FEiwB7D9gXchXEwCnA3A2E6F9wbFJVRVCiv8xs5piC
65536,27767,1,2,11107,0,1,0,216.087890625,216.017578125,0,11620,105,85,6137,443,pybase64,QmamL3YoDNCzLy7tMiNTNvkEncwgKQX1VGVEUf7YfwMiA3
131072,47572,1,2,0,1,1,1,218.056640625,217.986328125,72916,17432,7337,85,11914,1280,pypika,QmVWchVtumZuuHan7CXGhoxWFtEsEhCDApP5Pq9eofCUor
65536,27769,1,5,11224,0,1,0,216.087890625,216.017578125,0,11622,105,85,6137,443,mdurl,QmTxck6Cji1867ZW6mTCsPXe1eHB4RbVA72LKB3hgD1fDR
131072,47579,1,4,0,1,1,1,218.056640625,217.986328125,71719,17439,7337,85,11914,1280,markdown-it-py,Qma3qob82SPf4XaXTh4GA1i6Ew8R1rMsUkg9TVMFCFhXUH
65536,27586,1,4,11232,0,8,0,216.087890625,216.017578125,0,11439,105,85,6137,443,pygments,QmTMfZYPz2EkPw4NHUe8F3P2GkYW3XaWakPUFnLAmxgq6g
131072,66514,1,3,0,2,2,3,218.056640625,217.986328125,90421,22593,14567,85,17627,2109,rich,QmZ7ekCKz4gSsnDSRrARNvNde7dcwo5wKbTnX78YNpmns5
65536,27767,1,3,11508,0,3,0,216.087890625,216.017578125,0,11620,105,85,6137,443,tenacity,QmVhR3hePvCCNa9MkP8iZ38QxGJ6XpgFKXfYZYLGfPAefL
65536,27586,1,5,10995,0,5,0,216.087890625,216.017578125,0,11439,105,85,6137,443,filelock,QmUjCMKfdQxBRBLTh1nSyxPLv8ADnxqFbQyRXX2mcMw2iG
65536,27586,1,5,11244,0,2,0,216.087890625,216.017578125,0,11439,105,85,6137,443,fsspec,QmcE8UKbHUNKLhbTe7LrG8axnZS3jtfA2GKieHhTxUM6VH
65536,27972,1,5,10993,0,1,0,216.087890625,216.017578125,0,11825,105,85,6137,443,hf-xet,QmY4HVWVdS2HYwnR1Jaz7S7XgxYLixzzPA1figLsqRBv8F
262144,156822,1,4,0,8,4,13,218.056640625,217.986328125,299663,56421,57947,85,29053,3767,huggingface-hub,QmPMA6xc1DTqDEUcgF4jJCzXawYbLGk1upYt3sguKkjaA4
131072,47581,1,3,0,1,2,14,218.056640625,217.986328125,55100,17441,7337,85,11914,1280,tokenizers,QmUTxA3dFCUDxyYKDuag2kis3CintThEDf8PxYqn4ZHNNX
65536,27786,1,3,10601,0,1,0,216.087890625,216.017578125,0,11639,105,85,6137,443,annotated-doc,QmNqij1P6qdpWhZi53NhdZrZC517dCzZHM9hrbEoMNsNXc
131072,47372,1,3,0,1,2,1,218.056640625,217.986328125,74581,17219,7350,85,11914,1280,click,Qmc9TL3BPThfssPHwxSmg5iPoGw5x8AvwGcEBTujoC2LzD
65536,27991,1,3,11472,0,1,0,216.087890625,216.017578125,0,11844,105,85,6137,443,shellingham,QmWp8oJr1GrpMtqyWa1HbcXQZs79KTDGqyNeRrZXyXxsn5
262144,99043,1,2,0,4,1,8,218.056640625,217.986328125,163113,34120,29027,85,23340,2938,typer,QmeWL8GzTkAAsZviZSQYGtd1JaMBSKbpSbZDc1cLWafwic
65536,27779,1,3,11192,0,1,0,216.087890625,216.017578125,0,11632,105,85,6137,443,httptools,QmU4FBb2ZBmt8HUEQ1oiVwYBgf9P3YBVvtjufem1oxntfa
65536,27982,1,3,11493,0,1,0,216.087890625,216.017578125,0,11835,105,85,6137,443,uvloop,QmYEuCPLp7yRmco4ktPjELKrHuLpuUGZTDyyaEEoXkWASF
131072,47571,1,3,0,1,1,4,218.056640625,217.986328125,55997,17431,7337,85,11914,1280,watchfiles,QmTdm5hodXoxsw9CW6Zx2U7wfNcFMiNkgVwSL19bSomQLq
65536,27991,1,3,10958,0,2,0,216.087890625,216.017578125,0,11844,105,85,6137,443,websockets,QmaNCEgq5MzRzADzsqu1GfZr9WNLQL8ryAj4S9wMrMvTgb
262144,182397,1,2,0,10,2,13,218.056640625,217.986328125,371682,67536,72407,85,29053,3767,uvicorn,QmQREZCqxnf3RomfTkvu2Qb2KJVybfQzds4nb8FJUZL1GT
524288,406097,1,1,0,27,1,86,218.056640625,217.986328125,750650,161752,195317,85,34766,4596,chromadb,QmdmSk2Sc61buVsb8QtEM47qz8rVAuu9vC7gN5c8AL2Bna
131072,47581,1,2,0,1,2,1,218.056640625,217.986328125,72375,17441,7337,85,11914,1280,deprecation,QmdyKWu48KJeuurxpSdgiMPVgumjMveMJG5PRPC38TSiBk
131072,47591,1,1,0,1,1,2,218.056640625,217.986328125,56994,17451,7337,85,11914,1280,cloudevents,QmQdVc9r1WV5pPM3Gj8q2vPJMwbMymCUyf6Yx3Y3rCuQqD
131072,66918,1,1,0,2,1,2,218.056640625,217.986328125,107796,22997,14567,85,17627,2109,faiss-cpu,QmfDqdgRhvGi56GnuY4SVoREbHDDuqLJi4eqNteXYqEi8x
65536,27972,1,7,11353,0,2,0,216.087890625,216.017578125,0,11825,105,85,6137,443,pyasn1,QmPVxCpWEWXU7UXCFUnFyUn4atMxWvyRcYy8gwtY7USdxF
131072,47579,1,6,0,1,1,1,218.056640625,217.986328125,74572,17439,7337,85,11914,1280,pyasn1-modules,QmanzS269dC2e3vUTP1eK1wNp7vnYnap5Fophsk1k97pQJ
131072,47563,1,6,0,1,1,1,218.056640625,217.986328125,73404,17423,7337,85,11914,1280,rsa,QmUNsCZ4yi1KMiQRi4EQDWcR6ue946jtSvpFWbm85PgSTg
131072,79734,1,5,0,3,7,7,218.056640625,217.986328125,90344,28583,21797,85,17627,2109,google-auth,QmSFMkzsccygeuMoQ2zaz2FSforXTVHhNhyg5riRH1ebdp
131072,79722,1,5,0,3,1,4,218.056640625,217.986328125,107244,28571,21797,85,17627,2109,grpcio-status,QmPzJeEiPvxxjqDunyj76YrLHwkbukt8GQUr99y8THNHny
131072,47581,1,5,0,1,3,1,218.056640625,217.986328125,73475,17441,7337,85,11914,1280,proto-plus,QmYBCGskLJ28yQRJGQCU1MXKUBBvq52fRe1hRuYzupfaCg
262144,137484,1,4,0,7,5,18,218.056640625,217.986328125,197208,50855,50717,85,23340,2938,google-api-core,QmX5r3Mezxr3fWWXWdaGqKZkDqhUNbstoSJcSosBECuaQd
131072,66758,1,3,0,2,2,19,218.056640625,217.986328125,75311,22811,14593,85,17627,2109,google-cloud-core,QmWA1Uaur2p9LhDuAx83PkX9Ezttezm27GJYkW5WRxgeCo
131072,47596,1,3,0,1,2,1,218.056640625,217.986328125,73007,17456,7337,85,11914,1280,google-resumable-media,QmSVFDWxGV7mwvCr4L8XXcZxZDMAJjKGCQitg4BqSCqnyx
262144,137481,1,2,0,7,1,25,218.056640625,217.986328125,198112,50852,50717,85,23340,2938,google-cloud-bigquery,QmYcKC1g2v2gLtiCwUefn3hQsNEuYs7ZAWLHXc6cJZjsqh
131072,79740,1,3,0,3,1,4,218.056640625,217.986328125,108231,28589,21797,85,17627,2109,grpc-google-iam-v1,QmWnPE28X7VgTM36qdsNJxJKVGUkKzYJkF2tuQr8Rb7Fdb
262144,124702,1,2,0,6,1,20,218.056640625,217.986328125,180901,45303,43487,85,23340,2938,google-cloud-resource-manager,QmVTSHbimdoUwPKiJQV3GzUH4RUFS7KmJZvWYC1nsht2Rx
262144,124290,1,2,0,6,1,22,218.056640625,217.986328125,182538,44891,43487,85,23340,2938,google-cloud-storage,QmTpDNb3s8jNcrNmVvWK9BtcbwEx5PVZq553zvRyKpKRnQ
262144,156407,1,2,0,8,1,27,218.056640625,217.986328125,250556,56006,57947,85,29053,3767,google-genai,QmWHcvmDCpQC81cEubRCvdV23iKBrExFd1Q2RuyUmwRbzq
131072,47572,1,2,0,1,1,1,218.056640625,217.986328125,73032,17432,7337,85,11914,1280,shapely,Qmb5nXvmTT2BQZCT5dUtc9Kdd7WpiS9cwAbJXyXoh8KKrk
524288,220638,1,1,0,13,1,47,218.056640625,217.986328125,395019,84087,94097,85,29053,3767,google-cloud-aiplatform,QmRc4YsJvKcYMCPpSW5xbx1NgcD38XpiLJs69johwHy5ps
65536,27982,1,2,11010,0,1,0,216.087890625,216.017578125,0,11835,105,85,6137,443,appnope,QmVu1U1AHLFSEEjCCPCdD6cCdA51Y8htydV9C2VLDSqKMu
65536,27792,1,2,11070,0,1,0,216.087890625,216.017578125,0,11645,105,85,6137,443,comm,QmfKU1NjF3J2jDzDiaUrgMpZiDVrY9Z5Jak3aewm7NUEyQ
65536,27992,1,2,11068,0,1,0,216.087890625,216.017578125,0,11845,105,85,6137,443,debugpy,Qmdh2HLjAb5oncQFxk2xoYMyoFYF6fiaihdMdbH682xBrs
65536,27779,1,3,11254,0,3,0,216.087890625,216.017578125,0,11632,105,85,6137,443,decorator,QmWgEztPFZsnuWorm7GN3R88CreRRNGjfW1P86cNAJX7Tn
65536,27769,1,4,11183,0,1,0,216.087890625,216.017578125,0,11622,105,85,6137,443,parso,QmWYyrLt6wDnagE5oLLafshVh9oYemEJwS2Rb59R3yRX45
131072,47167,1,3,0,1,3,1,218.056640625,217.986328125,72146,17027,7337,85,11914,1280,jedi,Qmbn7kvqMav5GoEh5zUgjoF9pLPSDHeTrYTs2pXakFybiJ
65536,27981,1,5,10704,0,10,0,216.087890625,216.017578125,0,11834,105,85,6137,443,traitlets,QmX53QTXJkS8BnobPYtGuzHyc5f76vtfhm2cXfBXcicnmX
131072,47398,1,3,0,1,4,1,218.056640625,217.986328125,70507,17245,7350,85,11914,1280,matplotlib-inline,Qmb16wXBd9QimEPFYTRiRAR8vX3giEShXEgEWhZ6J4CPKb
65536,27981,1,4,11002,0,1,0,216.087890625,216.017578125,0,11834,105,85,6137,443,ptyprocess,QmZQdfm8Pt83RkbAL7uD1g6WwJST6jzACA6ZybpCn2p8Gt
131072,47572,1,3,0,1,3,1,218.056640625,217.986328125,72310,17432,7337,85,11914,1280,pexpect,QmY8wEFKUDYfmpT8mzRMKokhpkNKcDfWgyNLFvx2utqo46
65536,27982,1,4,11520,0,1,0,216.087890625,216.017578125,0,11835,105,85,6137,443,wcwidth,QmUYvzKHTa1XQKZCuDVf19Meqf1WyEDxhnUGqfyoeB2KUX
131072,47589,1,3,0,1,3,1,218.056640625,217.986328125,73268,17449,7337,85,11914,1280,prompt-toolkit,QmY25aLmfDebBpJSuiBnevkxcPzyqkceFwh6JssJff7epk
65536,27779,1,4,11029,0,2,0,216.087890625,216.017578125,0,11632,105,85,6137,443,asttokens,QmQKPxTY5umWgynxJRNYtCPaHneokkJyuvM2ubS9A1GVSE
65536,27779,1,4,11485,0,2,0,216.087890625,216.017578125,0,11632,105,85,6137,443,executing,QmSesBuW4vDtkVLeYetF6n5akenXS4EuQJdrbo5rtZbhxy
65536,27779,1,4,10936,0,1,0,216.087890625,216.017578125,0,11632,105,85,6137,443,pure-eval,QmQRUsmnxXwm552Tyz6qatu6DyHFy8N9acY3REViq6oGhM
131072,79714,1,3,0,3,3,3,218.056640625,217.986328125,141299,28563,21797,85,17627,2109,stack-data,QmXZab3so2dtoNxScQ77QWP4ArFrG4Vx9yAV8ncApPhyfh
262144,195193,1,2,0,11,1,17,218.056640625,217.986328125,339889,73102,79637,85,29053,3767,ipython,QmYhM2VxaMep6wFk8rHx4FqTooQ4m6ZQTGBRrPBKuCjQgU
131072,47606,1,3,0,1,2,1,218.056640625,217.986328125,75133,17466,7337,85,11914,1280,ipython-pygments-lexers,QmNpMbTwyyv4PgX4iqZ2m8q5VGtcZ9jQwePM3nwF1icsRA
262144,195193,1,2,0,11,1,17,218.056640625,217.986328125,341648,73102,79637,85,29053,3767,ipython,QmPTURb7oMufmAS5KCJpdUhVdNNgVAXZ2EfSqys3FjRDtt
262144,182397,1,2,0,10,1,16,218.056640625,217.986328125,304936,67536,72407,85,29053,3767,ipython,QmRMxPpEt3d1uNiW5So6HfB4qYCXFTt47RCzTJ8sEAstGR
65536,27809,1,5,11169,0,3,0,216.087890625,216.017578125,0,11662,105,85,6137,443,platformdirs,QmPKPj8PCGcpG9oS1tjSYc5LR4n69Rh9VtbspqL4ZZe4YZ
131072,66746,1,4,0,2,5,2,218.056640625,217.986328125,107444,22825,14567,85,17627,2109,jupyter-core,QmcrwpyF8MfY1AgtRm9sZkjRHvLHy41zQpijefre9o2abD
131072,47562,1,4,0,1,2,2,218.056640625,217.986328125,55940,17422,7337,85,11914,1280,pyzmq,QmfX1fuTjpJpiAjtZiMf4vPWpHM3HpCgrn9suLH7yn7sav
65536,27982,1,4,10682,0,2,0,216.087890625,216.017578125,0,11835,105,85,6137,443,tornado,QmS75G7QoYsL2fxVG3P9gF9Ec8x39e8512sPoQA9hrSucp
262144,111872,1,3,0,5,2,9,218.056640625,217.986328125,180856,39703,36257,85,23340,2938,jupyter-client,QmNu3iEXFMP14JTcdcg3PsTzvnP9r1HdCo8jogeAQ49Ud6
65536,27809,1,2,11230,0,1,0,216.087890625,216.017578125,0,11662,105,85,6137,443,nest-asyncio,QmZ3BAtCrsNr87S4KcBTC9hvg3NRkrZuKS7V2Wt6AwYGYn
65536,27972,1,4,11106,0,3,0,216.087890625,216.017578125,0,11825,105,85,6137,443,psutil,QmSHVFXS4s1a1mkd8DTWEcmPm7CkAFdWeg2twkXwiv3dzy
524288,246382,1,1,0,15,1,36,218.056640625,217.986328125,499145,95355,108557,85,29053,3767,ipykernel,QmPjajey44zJC5Ri1fJjqo95UkabL2XHapThxPP4hhkUqV
65536,27779,1,2,10769,0,1,0,216.087890625,216.017578125,0,11632,105,85,6137,443,httpx-sse,QmQ29Tuu7dhiTWwBXhcLLyqAjdvuQrQF6z7RDEHURgU5gM
131072,79730,1,2,0,3,1,6,218.056640625,217.986328125,109653,28579,21797,85,17627,2109,pydantic-settings,QmThYXuEAd43iLoq8t1aCMGdNwdfRGcAWQtFM6sVvSsmaM
65536,27602,1,2,11380,0,1,0,216.087890625,216.017578125,0,11455,105,85,6137,443,python-multipart,QmNQoYKKs7kcBkPvkRmBKHAVYL3zM3edShdjgUsujU6LW4
131072,66918,1,3,0,2,2,4,218.056640625,217.986328125,89860,22997,14567,85,17627,2109,starlette,QmbyX6SthP5G96B8MjRP4Tu99783SDaE6yf7cA5kesib2f
131072,66749,1,2,0,2,1,5,218.056640625,217.986328125,72668,22802,14593,85,17627,2109,sse-starlette,QmPuhy3zocNqcQzQqBpBpPKkgkc9i1tZz3xJepdARNeeUS
524288,233588,1,1,0,14,1,39,218.056640625,217.986328125,414316,89791,101327,85,29053,3767,mcp,QmTAYs288LUuaSRTiTjs2wmuGU9Wf8EGbBVgcQ6SLrHvSu
131072,47416,1,3,0,1,1,5,218.056640625,217.986328125,55845,17263,7350,85,11914,1280,microsoft-agents-activity,QmQKjSFVuPu8wbNPPRuUnHi2oEZZjkN4HPXKLJQaXgPnwA
262144,111768,1,2,0,5,1,18,218.056640625,217.986328125,180827,39534,36322,85,23340,2938,microsoft-agents-hosting-core,QmNuPGBGwUSWRqncQ27Yiy2oruXkBuNHZ8NcCfstdFxERx
131072,47440,1,1,0,1,1,19,218.056640625,217.986328125,55164,17287,7350,85,11914,1280,microsoft-agents-copilotstudio-client,QmaAKyyPFjp5ZxkHdBZWxZTdfnkzAPq7rCNgauuLguS3RQ
65536,27972,1,1,10669,0,1,0,216.087890625,216.017578125,0,11825,105,85,6137,443,milvus,QmRRbygyjjGXbhTYATAGza5XdQbRQH7onM1qS77n55rPb3
65536,27997,1,2,10606,0,1,0,216.087890625,216.017578125,0,11850,105,85,6137,443,eval-type-backport,Qma2NerfFb1gbbu7PRABnQT3Zi6Rc2bFpmVx2xB9rT2fcf
65536,27972,1,2,11332,0,1,0,216.087890625,216.017578125,0,11825,105,85,6137,443,invoke,QmQ3SC3wa2ZNUwzKouzDDjh7vma8fBxhMWgmibmHmig3Uh
262144,137525,1,2,0,7,1,16,218.056640625,217.986328125,201051,50896,50717,85,23340,2938,opentelemetry-exporter-otlp-proto-http,QmUZVhVYtUrgtRKUEHgSCfGa7K1MwGsFT3v3g6WuanKHya
262144,182386,1,1,0,10,1,34,218.056640625,217.986328125,283672,67525,72407,85,29053,3767,mistralai,QmT4Qd1rKWDi89eHKxt8RkvsTUQpG4Tv3d75wiepobvA1M
131072,47582,1,2,0,1,1,1,218.056640625,217.986328125,73380,17442,7337,85,11914,1280,pymongo,QmeEofxtWLM7LsKGVXG2iat1kXgkQwBajCzc6mYtKHCJBr
131072,47372,1,1,0,1,1,2,218.056640625,217.986328125,54962,17219,7350,85,11914,1280,motor,Qmcd5bFJRaX33No5SVm2rTiXvf5Q6mNZq3vWHxx3iyuP82
65536,27769,1,2,11407,0,1,0,216.087890625,216.017578125,0,11622,105,85,6137,443,librt,QmNZ56FW8Z6kBdEx31tSLk568augTMQUnUkcwmdMaW9tLv
65536,27999,1,2,11339,0,1,0,216.087890625,216.017578125,0,11852,105,85,6137,443,mypy-extensions,QmYb5UnUgigJkiZk25hCTVNyKM8qqwX8ahdojd62rKyytw
65536,27767,1,2,11494,0,1,0,216.087890625,216.017578125,0,11620,105,85,6137,443,pathspec,QmXiUYQ5aWiNxrUMWgXz6m4qjEN2HuupabfvD4do1izDHY
262144,111460,1,1,0,5,1,5,218.056640625,217.986328125,230933,39291,36257,85,23340,2938,mypy,QmXpnm1GrSoZAqovttDEDYBebyKdTdK2nQz9wgvv9FzbBz
65536,27779,1,3,10882,0,1,0,216.087890625,216.017578125,0,11632,105,85,6137,443,soupsieve,QmPgyNYeZa6s1H4KKJajhajz7eEQnyCQygvEgJTWYuih9C
131072,66936,1,2,0,2,1,2,218.056640625,217.986328125,107848,23015,14567,85,17627,2109,beautifulsoup4,QmSYA23Voi4LyYsv1f6XLQgHJ319buoVRNMoNMv1fESG3P
65536,27809,1,4,10945,0,2,0,216.087890625,216.017578125,0,11662,105,85,6137,443,webencodings,QmR7PPLHrBW7gXv6JRUAFaTRp1FfDBtfjWLC6fcHRmSjg1
131072,47357,1,3,0,1,1,1,218.056640625,217.986328125,73863,17217,7337,85,11914,1280,tinycss2,QmVTS3R4vvQEMeXGWzy1KN47WGRbmaembCzGJdd6SaNJc1
131072,66909,1,2,0,2,1,2,218.056640625,217.986328125,89126,22988,14567,85,17627,2109,bleach,QmVcrX2Rf5GyqrSQhNNbUN5vvroQWYDcAe3bT6DTm48u1K
65536,27981,1,2,11430,0,1,0,216.087890625,216.017578125,0,11834,105,85,6137,443,defusedxml,QmQQKcivDi1FnL93fXohDwxs8J5qSzbkdhKjd8ALDWmAc4
65536,27981,1,6,10716,0,3,0,216.087890625,216.017578125,0,11834,105,85,6137,443,markupsafe,QmXkkzYSogRF6k37vTbibMuYSGkjQxk2NeVRU8XkDKB9fX
131072,47562,1,5,0,1,2,1,218.056640625,217.986328125,73565,17422,7337,85,11914,1280,jinja2,QmRbKbJr4b9S3Uf43CZa6hVuuQnuaX3F341DGWawrYMqV1
65536,28007,1,2,11249,0,1,0,216.087890625,216.017578125,0,11860,105,85,6137,443,jupyterlab-pygments,QmTcv99Q8kUmrninFBXQYJsMP34za1bhYmuQgai52d2fbj
131072,47572,1,2,0,1,1,1,218.056640625,217.986328125,71442,17432,7337,85,11914,1280,mistune,QmUTi8QU164NViepsNdJLj68GxD95EJ6dif47AjNuoDjEi
65536,27999,1,4,10948,0,1,0,216.087890625,216.017578125,0,11852,105,85,6137,443,fastjsonschema,QmUFMtQymDMaYA4z1NnWPXLv7yMmq3G5GFVwP6iAi2X86a
262144,98657,1,3,0,4,2,10,218.056640625,217.986328125,163165,33734,29027,85,23340,2938,nbformat,QmWbc7phx6SmusDTD7TqmZDVKPbX18FRsNAjLEJGGuzp42
262144,98657,1,2,0,4,1,18,218.056640625,217.986328125,147668,33734,29027,85,23340,2938,nbclient,QmUtP3rWby348cPQhB2iWMJDvpXkkEHTRiQj7VYs1fdnYD
65536,27786,1,2,10798,0,1,0,216.087890625,216.017578125,0,11639,105,85,6137,443,pandocfilters,QmPzs6rAo3RcTRapdE1n5zUroDKco1o268hRX8o2g35M8o
524288,233586,1,1,0,14,1,32,218.056640625,217.986328125,465505,89789,101327,85,29053,3767,nbconvert,QmV5f6iJ3ohrdV8qPmowyXzDtXQ7fDPnedqfSPbsAFpFYz
131072,66909,1,1,0,2,1,15,218.056640625,217.986328125,72601,22988,14567,85,17627,2109,ollama,QmXujMz985vW1sqPPA7YeNnzGiV5f5bzguVJBrGFfAoRNr
131072,66758,1,1,0,2,1,10,218.056640625,217.986328125,89662,22811,14593,85,17627,2109,onnxruntime-genai,QmSgNS9sMTBCUbtDf2JdzAs8rdPDc72eWayQP9j97Af4xz
65536,27767,1,4,10936,0,1,0,216.087890625,216.017578125,0,11620,105,85,6137,443,pathable,QmaPncvSQCC3dMtxrn9AairDa4t8KVAoRZVvy81pnBn1oC
262144,99070,1,3,0,4,2,11,218.056640625,217.986328125,161921,34147,29027,85,23340,2938,jsonschema-path,QmWV1BLHHJoLLFBDpXrbtwsXdLxvEupFmpzZv1wZFFXCDK
65536,27999,1,2,11340,0,1,0,216.087890625,216.017578125,0,11852,105,85,6137,443,more-itertools,QmVv4q5T1rLo2NH8LA9DiXth7A1uDhWr1f7kv2ziswM3gJ
131072,47398,1,4,0,1,1,1,218.056640625,217.986328125,74209,17245,7350,85,11914,1280,rfc3339-validator,QmWCLY3Kvds5hGQhdxenFirwzaoemRKCtq8zFasVg19Kdc
131072,79534,1,3,0,3,2,8,218.056640625,217.986328125,91442,28383,21797,85,17627,2109,openapi-schema-validator,QmYwbLJ9o4feCXEWYhj4aYeiK7ZNM18cca5hjSm2aM3fzK
65536,27997,1,3,11518,0,1,0,216.087890625,216.017578125,0,11850,105,85,6137,443,lazy-object-proxy,QmcMiLqDKPr8AJu7BS2zrSQPx4SUcs8Y3PPSoLPZuL6fic
262144,99077,1,2,0,4,1,18,218.056640625,217.986328125,146462,34154,29027,85,23340,2938,openapi-spec-validator,QmUzH3H9xJs5S7rYEwRHb21P7zNyMcex2TQeAoySquhJzw
65536,27972,1,2,10974,0,1,0,216.087890625,216.017578125,0,11825,105,85,6137,443,parse,QmcgZZ3d6UFej9MkuEDe2Me9NpKVaCreP1B11YgMyrhMdL
131072,47357,1,2,0,1,1,1,218.056640625,217.986328125,72610,17217,7337,85,11914,1280,werkzeug,QmdoUhtPPiAvmHB2dwe8XbvwF7FRsaknTnbnvCFVJA5SMs
262144,156407,1,1,0,8,1,24,218.056640625,217.986328125,250107,56006,57947,85,29053,3767,openapi-core,QmZcCsbC47FvRWBve7b8KYgFjJTgEJuHCmQ9fzxDCc9Npf
131072,66704,1,1,0,2,1,4,218.056640625,217.986328125,91793,22783,14567,85,17627,2109,oracledb,QmNg2u8dkxnm9kcRBkyu71eHsguNkss2zEo1QxCLU74YAF
65536,27784,1,4,11402,0,1,0,216.087890625,216.017578125,0,11637,105,85,6137,443,aiohappyeyeballs,QmUDVRRAYFityFM5SqzF9zrtivmEaWccYZdqF16aRoR7R7
65536,27981,1,5,10858,0,2,0,216.087890625,216.017578125,0,11834,105,85,6137,443,frozenlist,Qme2FNV77vCa64YLkoyPXPqv2GYaJRGjva13BHqew41Xex
131072,66742,1,4,0,2,1,2,218.056640625,217.986328125,108943,22795,14593,85,17627,2109,aiosignal,Qmbz2Kx5ooAtuCrmcSGhk1mBw8DgPah7yE2Y62b7uvdq1g
65536,27786,1,4,11018,0,2,0,216.087890625,216.017578125,0,11639,105,85,6137,443,async-timeout,QmbH2cFKJL6MKeVXcTEnQQizyGapj7S2SXRTbiZqY3AATH
131072,47382,1,5,0,1,2,1,218.056640625,217.986328125,73600,17229,7350,85,11914,1280,multidict,QmauLqQxqfSZLgWJEHnLg4exXRZQjsJk6zb7vEGUN7owSw
65536,27779,1,5,10930,0,2,0,216.087890625,216.017578125,0,11632,105,85,6137,443,propcache,QmUxoPhbH56qgSCrRoJWKGRzbpHb3Ju2vqz8ZysEABcoV4
131072,79310,1,4,0,3,1,4,218.056640625,217.986328125,125591,28159,21797,85,17627,2109,yarl,QmNMkHorF8vdDQDBbKgX6E8vmo7T61z61xQh8sXC2DizYj
262144,156805,1,3,0,8,2,10,218.056640625,217.986328125,283056,56404,57947,85,29053,3767,aiohttp,QmX9R3JUmqQgojKnDybKTucL1zmkQY1XeJnGWkEH2SUejx
131072,47389,1,2,0,1,1,11,218.056640625,217.986328125,55865,17236,7350,85,11914,1280,aiohttp-retry,QmPZJ7xQZDFb9SAueu3rkdey6Pawwrpep4KcQYkRKQJSzh
65536,27973,1,2,11196,0,1,0,216.087890625,216.017578125,0,11826,105,85,6137,443,lz4,Qmf7yj6QFPW9WmJyPRuZt79m7npWyrxzTn4rzvzhDP5Jbi
131072,66776,1,2,0,2,1,6,218.056640625,217.986328125,91166,22829,14593,85,17627,2109,pinecone-plugin-assistant,QmXQD5EEWgJLFyFgapsshej52urf78uTWfdXZbZ8bN4RHw
65536,27813,1,2,11030,0,1,0,216.087890625,216.017578125,0,11666,105,85,6137,443,pinecone-plugin-interface,QmX22RM4GjFCFSwePx9ke8R9xniXcwmVL3tnR3fZgA8fx2
131072,66763,1,2,0,2,1,4,218.056640625,217.986328125,91907,22842,14567,85,17627,2109,protoc-gen-openapiv2,QmQeK41wnvijkvc3PULL8ZsnqKwzAoqAsahRN93s3yFMnu
524288,220560,1,1,0,13,1,26,218.056640625,217.986328125,432225,84009,94097,85,29053,3767,pinecone,QmTCEe71pMvyxpPGBxJ4CAEo4w4WM31LAN4UMshnQJcMgh
65536,27982,1,2,11338,0,1,0,216.087890625,216.017578125,0,11835,105,85,6137,443,chardet,QmfJx84F8txvufuJ6xz4og6ijmELijDgK6jpHXgULu1gZc
65536,28001,1,2,11019,0,1,0,216.087890625,216.017578125,0,11854,105,85,6137,443,ruamel-yaml,QmNdTXc8cnveCYujW4ZwMDGEAnUqeqfVoSHAf3qtPKmoXT
262144,98657,1,1,0,4,1,8,218.056640625,217.986328125,182352,33734,29027,85,23340,2938,prance,QmNRzQabL3nZZm7Rr8RxUgVdA5meXzPKyugix4TN3GZRhP
65536,27792,1,2,10445,0,1,0,216.087890625,216.017578125,0,11645,105,85,6137,443,cfgv,QmQ4Y9BGNEvVwBxbZ6unRqCq3J8b2n3rToFgA5f1Su4kDT
65536,27586,1,2,11158,0,1,0,216.087890625,216.017578125,0,11439,105,85,6137,443,identify,QmTb8AgHff4UcjuoRbS1hW2fJ3hS9yyBb6dn5FGhz4bRdW
65536,27992,1,2,10622,0,1,0,216.087890625,216.017578125,0,11845,105,85,6137,443,nodeenv,QmU8BJQRSjTZBGKqzHgqjzNhYJab72AbMTBnovPBWibRNW
65536,27982,1,3,11214,0,1,0,216.087890625,216.017578125,0,11835,105,85,6137,443,distlib,QmYFwaD7KjwtQP3koTLLKCmSKqi6VZ9D42qV3T7phzQFJv
131072,66721,1,3,0,2,1,2,218.056640625,217.986328125,110115,22800,14567,85,17627,2109,python-discovery,QmcjRUcF1sB7NCasJxQdoLWD3yoXYsfsJzer8fgdZhw2j8
262144,111874,1,2,0,5,1,5,218.056640625,217.986328125,217523,39705,36257,85,23340,2938,virtualenv,QmR8af3zu32f9jdEUs1pxYuPNiwnymdNheY8ACjbTPWd2k
262144,111864,1,1,0,5,1,10,218.056640625,217.986328125,214055,39695,36257,85,23340,2938,pre-commit,QmefUQW8fQHs5xn9TVhnmxcfSFMA5t1H68vMFux3FFnDbu
65536,27989,1,2,11600,0,1,0,216.087890625,216.017578125,0,11842,105,85,6137,443,psycopg-binary,QmQp8sAJtvue65RDU3qABSSJYMHjHaFQFQpBa4XEbEPDJL
131072,47399,1,2,0,1,1,1,218.056640625,217.986328125,73347,17259,7337,85,11914,1280,psycopg-pool,QmfFj6VxaoLia3HDtJv6yq7UZ17EWs2CmniamDRnqSJFez
65536,27982,1,3,11040,0,2,0,216.087890625,216.017578125,0,11835,105,85,6137,443,tzdata,QmbU61WPggfwpyGwz86NNyHv6vrkd5LL8NAAnDQgsEPiJm
262144,99053,1,1,0,4,1,4,218.056640625,217.986328125,180962,34130,29027,85,23340,2938,psycopg,QmZ9ga5i77S29wvkeZavfn487C1t3B4Yf3MG9DX9PwyQn3
65536,27992,1,1,10839,0,1,0,216.087890625,216.017578125,0,11845,105,85,6137,443,pyarrow,QmXocDQsqgtTY71kMHm5BgHySpw9acgmabCN1iYgKqLEaH
65536,27982,1,2,11444,0,1,0,216.087890625,216.017578125,0,11835,105,85,6137,443,pymeta3,QmRP3HBPWP65qVGLKeW4YAXu36femY9NukK5zK5CNMRKZ6
131072,47582,1,1,0,1,1,1,218.056640625,217.986328125,74820,17442,7337,85,11914,1280,pybars4,QmNQF93KiJD1PrP2jCzx6x2iPgjNeedW3p2zBJ1f4idpTE
65536,27981,1,2,11298,0,1,0,216.087890625,216.017578125,0,11834,105,85,6137,443,cachetools,Qmd2HzXWaJTW4MPy7w2zEAUMGW25Hoz3jQW7mM4XJycHKg
65536,27607,1,3,11466,0,1,0,216.087890625,216.017578125,0,11460,105,85,6137,443,pytz,Qmf2zFqz77YB2ZoszxjtjpoZgTdMN9jUKdTXn8LCsRH9Ww
262144,99043,1,2,0,4,1,5,218.056640625,217.986328125,182310,34120,29027,85,23340,2938,pandas,QmSfoxPCHRAW9ZWA8hSo3J5S9nZsTA8rRXdB41fPg1o415
65536,27991,1,6,11082,0,4,0,216.087890625,216.017578125,0,11844,105,85,6137,443,setuptools,Qmd8nWsHpgG8UZzdXh9d1ytrNun4yvVLExreHc7MfdLht2
262144,137242,1,1,0,7,1,13,218.056640625,217.986328125,268557,50613,50717,85,23340,2938,pymilvus,Qmb4xGWBTZpefKT7QxVeUUpDLyTYGEdvBt9HPAKuNgqNok
65536,27972,1,1,11566,0,1,0,216.087890625,216.017578125,0,11825,105,85,6137,443,pyodbc,QmXffrs2fhTqpc7KkAJA5X5mQjfn7Aatr5oGhfk7cUW6oi
65536,27779,1,3,11258,0,1,0,216.087890625,216.017578125,0,11632,105,85,6137,443,iniconfig,QmQ7rGenkFY97b9Z4yqXKPJRcNpKFgJzaaHYJWnrw1YSrv
65536,27972,1,3,11285,0,2,0,216.087890625,216.017578125,0,11825,105,85,6137,443,pluggy,QmcAw3aa4QTx3LKSHnsNhb9vAzVGcq8LxTH4cbvCxeT2js
262144,137447,1,2,0,7,4,8,218.056640625,217.986328125,288757,50818,50717,85,23340,2938,pytest,QmU6SUi1S3Vi2z2A3My4hhdNxGp3yW2pQde4Yu1jLvukvi
131072,47589,1,1,0,1,1,9,218.056640625,217.986328125,56201,17449,7337,85,11914,1280,pytest-asyncio,QmPsH3VXwiizNWHEHR6paRVUWGyHLxTqd3KqXiggs8waVg
131072,47176,1,2,0,1,1,1,218.056640625,217.986328125,73526,17036,7337,85,11914,1280,coverage,QmZCoyL55VLPPYmQUWgqZ5mvrTn3JBfwGs5rQqmJ3rWKhc
131072,79714,1,1,0,3,1,10,218.056640625,217.986328125,108970,28563,21797,85,17627,2109,pytest-cov,QmXFao6uGJoc6WkJDDtL98UDz9jCpxBXKA6QGvisqcMroR
131072,47579,1,1,0,1,1,9,218.056640625,217.986328125,56350,17439,7337,85,11914,1280,pytest-timeout,QmNcSiwJrN1qcsXei1pvdVc6iT67BhA8cDDaY8xjzADXas
65536,27982,1,2,10981,0,1,0,216.087890625,216.017578125,0,11835,105,85,6137,443,execnet,QmV9cfnM3RsZa7vsGBLRcqZHCdYBTwv4shzUYvXH6sgBic
131072,79542,1,1,0,3,1,11,218.056640625,217.986328125,125168,28391,21797,85,17627,2109,pytest-xdist,QmPQL6FmEUSSPrZs4An2vwp5LVzfmv47fwR5F8KjgAVszM
131072,79327,1,2,0,3,1,4,218.056640625,217.986328125,126954,28176,21797,85,17627,2109,grpcio-tools,QmXWQ7PHnf9ZAKwNVTH8kssF85uP4rDFJYzcqffZ2H5DuK
131072,47591,1,2,0,1,1,1,218.056640625,217.986328125,72692,17451,7337,85,11914,1280,portalocker,QmdjusjVrhTYekgUPyVTkMGxENo4yUyF2cBCStAV2Mq5AQ
262144,137464,1,1,0,7,1,23,218.056640625,217.986328125,218878,50835,50717,85,23340,2938,qdrant-client,QmZ88CanzXGKyf2BU2PV4gNAdGCyd2c3qgiZPEtK91GeU4
65536,27991,1,2,11582,0,1,0,216.087890625,216.017578125,0,11844,105,85,6137,443,jsonpath-ng,QmSMALeQzZVwL5WJvcB1LuUo2bBDwSRqCCqJbMNb1fyJKm
131072,47382,1,2,0,1,1,1,218.056640625,217.986328125,73985,17229,7350,85,11914,1280,ml-dtypes,QmVUMjWfJyaDSn1D2NCHU74tKAtUvQ52C3b82GPgx98gbE
65536,27991,1,2,11209,0,1,0,216.087890625,216.017578125,0,11844,105,85,6137,443,python-ulid,QmQvZRaiZofvnK5hoSVGpUe3AgVbZgANWtzszih5x5rRK5
65536,27982,1,3,11019,0,1,0,216.087890625,216.017578125,0,11835,105,85,6137,443,hiredis,QmQR3eKGY82FQZoMBrDkMADgV2NtQPkfrmT8rqVDMLWKc7
131072,66732,1,2,0,2,1,2,218.056640625,217.986328125,108312,22785,14593,85,17627,2109,redis,QmY1sgN7XPAXjjn3DRrQi1ZKigpAd6tqkSQ7MJ25zFpuNs
262144,156805,1,1,0,8,1,14,218.056640625,217.986328125,289362,56404,57947,85,29053,3767,redisvl,QmSwj7VeLVKTMGDGprzVpHm6z7V8s9dXW7ux4RANrPQbnW
65536,27577,1,1,11188,0,1,0,216.087890625,216.017578125,0,11430,105,85,6137,443,ruff,QmexhtCUPr79tD6TgEibqjaBg8ePoGb4sTK72Df4q5irbz
65536,27819,1,1,11330,0,1,0,216.087890625,216.017578125,0,11672,105,85,6137,443,semantic-kernel,QmfM64B7dYmY3iu6QVtneapWLshB5cwGUdFPQ2JLjSkPnz
65536,27972,1,3,10807,0,2,0,216.087890625,216.017578125,0,11825,105,85,6137,443,joblib,QmUtSv8DboDDR1drDUA9Kp72WVSj2DfbgJwdKFiLujvp1i
131072,47562,1,3,0,1,3,1,218.056640625,217.986328125,74099,17422,7337,85,11914,1280,scipy,QmUmZzdTg7nXSVXKdvBPg24N6AGbecdLN9vMD9W3wkkhQm
131072,47562,1,3,0,1,3,1,218.056640625,217.986328125,72988,17422,7337,85,11914,1280,scipy,QmQMYSZX66uHcFjPPmfv9egLv2TR7yYQyPrH32epUd9Rek
65536,27786,1,3,11191,0,2,0,216.087890625,216.017578125,0,11639,105,85,6137,443,threadpoolctl,QmQfTaCzg8oYWvLrrEkLBKDFJE8btMJxJVwsSeaD78armP
262144,111692,1,2,0,5,1,5,218.056640625,217.986328125,200260,39523,36257,85,23340,2938,scikit-learn,Qme5xXK5kxyVW7xeQFmFAFUzG1V6H3NvKgyLFwD8jU41a6
262144,111692,1,2,0,5,1,5,218.056640625,217.986328125,199751,39523,36257,85,23340,2938,scikit-learn,QmRSVAw3aw21By3XPZbGNuAVtVbbtVdimwGpGKDozRdJYu
65536,27767,1,5,10821,0,1,0,216.087890625,216.017578125,0,11620,105,85,6137,443,networkx,QmXjSoENyXXJ7XXCM8Vj6kb3nbx5SkKmF4e2KHKwmY3zGX
65536,27767,1,5,10857,0,1,0,216.087890625,216.017578125,0,11620,105,85,6137,443,networkx,QmVA5WmniJn8TwUxkSzvHXjA5duRRdskFXUDUSMNtMqtcZ
65536,27577,1,6,11104,0,3,0,216.087890625,216.017578125,0,11430,105,85,6137,443,nvidia-cublas-cu12,QmNQ9tTQ5sWA2LVd5Pi3yC6Bref3FGWhMAnCVnCojjtBZ2
65536,28026,1,5,11419,0,1,0,216.087890625,216.017578125,0,11879,105,85,6137,443,nvidia-cuda-cupti-cu12,Qme5BYy7dBQmnoEeNfg4KSbx8sKt9VhgsgjfSvU4kzUk3T
65536,28026,1,5,10954,0,1,0,216.087890625,216.017578125,0,11879,105,85,6137,443,nvidia-cuda-nvrtc-cu12,QmW4nkKDYZn7nB1gTxg9H4nLye9XD8AQKway68XYRkcJJW
65536,27822,1,5,10790,0,1,0,216.087890625,216.017578125,0,11675,105,85,6137,443,nvidia-cuda-runtime-cu12,QmZps14arGw53rvNKSxLBiKPKGCQRna5wb5ojnm9X8Nb6v
131072,47373,1,5,0,1,1,1,218.056640625,217.986328125,73079,17220,7350,85,11914,1280,nvidia-cudnn-cu12,QmcQXuf1AnkHypG88RqzWvRvtSY6PW1jj7kfJEhSue2aaE
65536,28016,1,7,10953,0,4,0,216.087890625,216.017578125,0,11869,105,85,6137,443,nvidia-nvjitlink-cu12,QmNdLeiwfxgAmiVbaWcixub5sXbXegK63fNKsTVBcgGq6u
131072,47373,1,5,0,1,1,1,218.056640625,217.986328125,73053,17220,7350,85,11914,1280,nvidia-cufft-cu12,QmbrfYoNbFFuj86yuvAuBC9v39g5cg3HEDUMXyQfmPH31G
65536,27577,1,5,11050,0,1,0,216.087890625,216.017578125,0,11430,105,85,6137,443,nvidia-cufile-cu12,QmZq7DcYEU6Wmtp9HZEroUTGfbf2oBpMojK57WV7xFU8ib
65536,27973,1,5,11098,0,1,0,216.087890625,216.017578125,0,11826,105,85,6137,443,nvidia-curand-cu12,QmeyPWDzAGN7NBwcgfYDTZ7xNSdKzktdn495M8bSpv4opM
131072,47392,1,6,0,1,2,1,218.056640625,217.986328125,72906,17252,7337,85,11914,1280,nvidia-cusparse-cu12,QmZZfZw9b8qYNFVqLtGVokKHa3zQQ1Ve4ehG2HzYXyAqSd
131072,79535,1,5,0,3,1,3,218.056640625,217.986328125,128393,28384,21797,85,17627,2109,nvidia-cusolver-cu12,QmaxF1z9c6XL1nxMTYZeCJF5Hqw5d9LrbCK8G1uwZ34tBB
65536,28006,1,5,11124,0,1,0,216.087890625,216.017578125,0,11859,105,85,6137,443,nvidia-cusparselt-cu12,Qmf9DbMxxQvfznVpkqckRrbkgAZwQxuvG7ExyBDk7KukSD
65536,27602,1,5,11480,0,1,0,216.087890625,216.017578125,0,11455,105,85,6137,443,nvidia-nccl-cu12,QmeGZ7pN5ke9AQF5yyK3Z1iePh2JUkioMZfyqgPN6R9d8o
65536,27804,1,5,10848,0,1,0,216.087890625,216.017578125,0,11657,105,85,6137,443,nvidia-nvtx-cu12,QmP4MLsmTCeedzZSbzV6gAhwfo2GWQmbBugWscrGiCmL5a
131072,47562,1,5,0,1,1,1,218.056640625,217.986328125,72022,17422,7337,85,11914,1280,triton,QmbVzNVtFHJn2sJiXkiQZnNd1TnPaxT29r1htpmo96N7tN
524288,355395,1,4,0,23,3,25,218.056640625,217.986328125,786849,139671,166696,85,34766,4596,torch,QmVGD6xbjN42FNgEqmvu4tT3Kc3ZvNPjNLJvVh6cpPkxTH
65536,27991,1,4,11227,0,2,0,216.087890625,216.017578125,0,11844,105,85,6137,443,safetensors,QmUNFJPCWup1aDn1cLTo7Dg58M3z9wttiCq8htbMuGT1W9
262144,137466,1,3,0,7,1,40,218.056640625,217.986328125,266633,50837,50717,85,23340,2938,accelerate,QmZZdR7Sb4PyGzqjxnGmJmXYnKwrWXUeS83VhszU9UX6zS
262144,207591,1,2,0,12,1,43,218.056640625,217.986328125,380136,78270,86867,85,29053,3767,transformers,QmeC1mEdRyYzn11hbHNiFe1Gen79vShK8Fhp1rg9jN6iZc
262144,182338,1,1,0,10,1,50,218.056640625,217.986328125,272977,67347,72537,85,29053,3767,sentence-transformers,QmXsnTowrzWZMFQfP7AT49GVJeF7bZCSnZhhemWuUefvw8
65536,27981,1,2,11575,0,1,0,216.087890625,216.017578125,0,11834,105,85,6137,443,cheap-repr,QmTmgKuAppbgUnh6XcVtfhRQvb3XJUUMs4X3au1oZBr9Aa
262144,98892,1,1,0,4,1,4,218.056640625,217.986328125,199320,33917,29079,85,23340,2938,snoop,QmekdntzsEtYJ5djqEn3e9P3g3KgmaN3S1fkmvPN8icx1s
65536,27813,1,1,11592,0,1,0,216.087890625,216.017578125,0,11666,105,85,6137,443,types-pyyaml,QmNmv4tnKdzt4indaCaaynRhfVs6MVNKdHbqzueLR6kmjU
65536,27821,1,4,11656,0,1,0,216.087890625,216.017578125,0,11674,105,85,6137,443,types-setuptools,QmZMkKgGZr1g9DTefCbVfNvkZbFSCKppZ2YZKRZ6xGKmEa
131072,47607,1,3,0,1,1,1,218.056640625,217.986328125,73068,17467,7337,85,11914,1280,types-cffi,Qmd3BNgpdoDSaryeQmzVQ14ugrd2beoTxZC1GETpxochZK
131072,66781,1,2,0,2,1,6,218.056640625,217.986328125,73751,22860,14567,85,17627,2109,types-pyopenssl,QmYpvPRWVuAKeTFkfBZF3EVd8KyaNKBvUxLcAJm9q3vNqm
131072,66954,1,1,0,2,1,7,218.056640625,217.986328125,73295,23033,14567,85,17627,2109,types-redis,QmPz5GfvYPgwxmdUE2Jcb8sPyzHuVfppQW487gpur3U43G
65536,27992,1,2,11028,0,1,0,216.087890625,216.017578125,0,11845,105,85,6137,443,simsimd,QmcQyS3gLWZEYuvDXhvTXvuuEt31uX3ax3BStkvQfexn1M
131072,79725,1,1,0,3,1,4,218.056640625,217.986328125,124850,28574,21797,85,17627,2109,usearch,QmZz8rgxHFGd5Gh2SDKXNRAaLunJGqA3FkgTpR9BxtuzoB
131072,47572,1,2,0,1,1,4,218.056640625,217.986328125,55509,17432,7337,85,11914,1280,authlib,QmRLticrJecuqM9ATwWa8LxtuHQauf3hRVUyWeewCKyNcK
65536,27991,1,2,11301,0,1,0,216.087890625,216.017578125,0,11844,105,85,6137,443,validators,QmYWyUnVNainWK32VvfNazHBzxAjuBic3H8VBJSFfYezG4
262144,137484,1,1,0,7,1,24,218.056640625,217.986328125,217099,50855,50717,85,23340,2938,weaviate-client,Qma5q7w1pyW8653W7ukSvx8buXYnxrKXLyvak4F91QiKqT
1048576,682151,1,0,0,48,0,322,218.056640625,217.986328125,1129512,278810,347771,85,40479,5425,semantic-kernel,QmdubSMuxCKDdBDwhgvt3NifXBKmPEyNppEPEi66ySyXcW
65536,27966,1,5,11555,0,1,0,216.087890625,216.017578125,0,11819,105,85,6137,443,mime-db,QmdPDiQaSdce3pVzc7dbYZwNP6zHdTfUdGS1zmsXdN2GwV
131072,47353,1,4,0,1,4,1,218.056640625,217.986328125,72866,17213,7337,85,11914,1280,mime-types,QmRbKzCNXA5g3gbmhZbs7eaMSCi4RZo95TTWK4yoGpv9tC
65536,27763,1,3,11381,0,1,0,216.087890625,216.017578125,0,11616,105,85,6137,443,negotiator,QmR8RLPojkUvE9rVhBsG9cecr7WaFRXBYDJNWT33rKPavF
131072,66919,1,2,0,2,1,3,218.056640625,217.986328125,91175,22972,14593,85,17627,2109,accepts,QmVL8yq3Ee9s5mkVPCPaaGuEi6NyyhHC7jhwpGpnbBb7Gg
65536,27968,1,4,11297,0,2,0,216.087890625,216.017578125,0,11821,105,85,6137,443,bytes,Qmaku12o6wEHodPKUK8qL59DJHmzMTkcmP9uUHLM3tUS3x
65536,27783,1,4,11595,0,3,0,216.087890625,216.017578125,0,11636,105,85,6137,443,content-type,QmVCq68c8aHkauxTAEN6DLC9bY1MN1W3c5akRkj6KvMsCs
65536,27745,1,5,10926,0,2,0,216.087890625,216.017578125,0,11598,105,85,6137,443,ms,Qme4ee1qrNKibv1GMhWNpNtnoKwjpEWvNoKXkc9ZdHt9UK
131072,47558,1,4,0,1,5,1,218.056640625,217.986328125,75062,17418,7337,85,11914,1280,debug,QmVu9VodimF5W5311TxPmbfYhxA7v43WAfweTumuwuz4z1
65536,27766,1,5,11535,0,3,0,216.087890625,216.017578125,0,11619,105,85,6137,443,depd,QmbGX31CV7k4z4afvMkW2saY5pPuRTjWpMkJnqFJqeG5sn
65536,27741,1,5,11502,0,1,0,216.087890625,216.017578125,0,11594,105,85,6137,443,inherits,QmeYo55TiVRnavHEWs9HMn6hangc5p5G8qF2GC5FtupVZR
65536,27770,1,5,11883,0,1,0,216.087890625,216.017578125,0,11623,105,85,6137,443,setprototypeof,QmceemboYzjgz1B8efxbG9hC3si1wFL7ELRJUsr7UZTwy1
65536,27741,1,5,11269,0,4,0,216.087890625,216.017578125,0,11594,105,85,6137,443,statuses,QmZoYxMNkXD4AQrUJekNEStLsgZsk39YF4qhfPRkNWqf19
65536,27783,1,5,11132,0,1,0,216.087890625,216.017578125,0,11636,105,85,6137,443,toidentifier,QmPzJfVNdKtyPbtsaTJrJEnWBEcf6qoyYBQHVgisofVRP9
262144,111913,1,4,0,5,4,5,218.056640625,217.986328125,232908,39679,36322,85,23340,2938,http-errors,QmNUVXpwLRzVvkm5K1NJ3K2mcaAAUGt2vR9Dx7spsLbjib
65536,27783,1,5,10923,0,1,0,216.087890625,216.017578125,0,11636,105,85,6137,443,safer-buffer,QmTeut9AiXAFFzAozGmzpDWSA68mNLFPptKP7vzmhRCCQU
131072,47353,1,4,0,1,2,1,218.056640625,217.986328125,74365,17213,7337,85,11914,1280,iconv-lite,QmWQ8ZwkdtqzYc23r1MGxKuABnjoTAhHdvWYyfvn5YtyAZ
65536,27741,1,5,10608,0,1,0,216.087890625,216.017578125,0,11594,105,85,6137,443,ee-first,Qmf2GPoSkbCenn4peFDf161WJ881yb7KxetDf2RcXhmzSw
131072,47568,1,4,0,1,4,1,218.056640625,217.986328125,72568,17415,7350,85,11914,1280,on-finished,QmTVhdyD3cKYTRWxYrfh4XuJdEs6ekfx41NWzMt1w5YWRb
65536,27944,1,12,11746,0,8,0,216.087890625,216.017578125,0,11797,105,85,6137,443,es-errors,QmZpJ5vvJ53T2JPX1P2SULQ7jBRf8BvCh5q6PzhCVPZUUS
65536,27973,1,7,11303,0,4,0,216.087890625,216.017578125,0,11826,105,85,6137,443,object-inspect,QmaA9zTLUiCSQtYYr2NDWks2yhbrtZeV8nkxPgHdTEn6x3
131072,66898,1,5,0,2,1,2,218.056640625,217.986328125,107453,22977,14567,85,17627,2109,side-channel-list,QmSSLb3fioeHwnQKB2UwdARvvvj19GGf3cqKw6LS73Q1LC
65536,27985,1,12,11360,0,3,0,216.087890625,216.017578125,0,11838,105,85,6137,443,function-bind,QmdW8uyy6b2u9EKNrxCniLNy3LkJZTkAW6HYfuQ5G4RDjz
131072,66953,1,11,0,2,3,2,218.056640625,217.986328125,108312,23006,14593,85,17627,2109,call-bind-apply-helpers,QmaCE9849X4BNkft153Poot69jQgHym8FTpbpKET87dKve
65536,27779,1,9,11503,0,1,0,216.087890625,216.017578125,0,11632,105,85,6137,443,es-define-property,QmRTAcoDbUJfju99ro1XoNuNx7BwCNaLBksNcETUdicUMz
131072,47576,1,10,0,1,2,1,218.056640625,217.986328125,74229,17423,7350,85,11914,1280,es-object-atoms,QmZ512qLM7W6kQMb9ngSwxmyCnaQmz3foDJfXiZBpZXRDh
65536,27766,1,11,11433,0,2,0,216.087890625,216.017578125,0,11619,105,85,6137,443,gopd,QmdgtC8g4zSfsshx9JUKWw3QCdCd6bHSZeetomfK6QUoK1
131072,79555,1,10,0,3,1,4,218.056640625,217.986328125,125853,28365,21836,85,17627,2109,dunder-proto,QmSK8Jod6ea9B7G3WHVnX7gjnK5pq3FwsMtBmALVRWE3WS
131072,66881,1,9,0,2,1,6,218.056640625,217.986328125,73448,22960,14567,85,17627,2109,get-proto,QmVA3o1Dej1PESDK1xeoxfFGM5LjBsXjwneFoT9gQAJaBe
65536,27965,1,9,11366,0,1,0,216.087890625,216.017578125,0,11818,105,85,6137,443,has-symbols,QmR8z3kebDTd1tbVj2c56ZspyaJ9pcemcC9Dt6t3vG1KGc
131072,47343,1,9,0,1,1,1,218.056640625,217.986328125,73628,17203,7337,85,11914,1280,hasown,QmQFRJnh3gaczjKiQWBxDouVmconQtkJ83Qf9wioTFKDrV
65536,27973,1,9,11316,0,1,0,216.087890625,216.017578125,0,11826,105,85,6137,443,math-intrinsics,QmNLyi4mTTGAy27bJcTUbdGb7fLvRm2nuie1ykSARmcGCQ
262144,182390,1,8,0,10,3,11,218.056640625,217.986328125,342699,67529,72407,85,29053,3767,get-intrinsic,QmVQQi4wY49weBHPSHj4anKxKKHWzmHQ29SaNfb8JJW4bz
131072,66700,1,7,0,2,2,12,218.056640625,217.986328125,74511,22779,14567,85,17627,2109,call-bound,QmZ2T5SipFhUnG3NQXpsmMmnVvFjK3pCzGPrft6B86kYrc
262144,98881,1,6,0,4,2,14,218.056640625,217.986328125,165789,33906,29079,85,23340,2938,side-channel-map,QmQR4LnApEdsKcLuvQCjUS9YPVYN8aGLmQatMkqRfGoRxv
262144,111748,1,5,0,5,1,15,218.056640625,217.986328125,182013,39514,36322,85,23340,2938,side-channel-weakmap,QmdvNn5RxR9orvS9rStBPoVCh3vbwYZRVUCxnw1LEAbgBR
262144,111731,1,4,0,5,1,17,218.056640625,217.986328125,182448,39497,36322,85,23340,2938,side-channel,QmdARiYAM4SRwQbuPhKiMvo1K21VWKgccxp2SE8yfsNEkk
131072,47372,1,3,0,1,2,18,218.056640625,217.986328125,56252,17219,7350,85,11914,1280,qs,QmPKpuioPdJJKU5vFeYxZUzyepZ8XqkJHqc41R8iTwwL87
65536,27753,1,4,10995,0,1,0,216.087890625,216.017578125,0,11606,105,85,6137,443,unpipe,QmeMmJrKtoT3kpmttsKkJyF8NLvo6jUCg8fSmNvAboyDP6
262144,98864,1,3,0,4,1,10,218.056640625,217.986328125,162127,33889,29079,85,23340,2938,raw-body,QmPMwbbxj9zfURxF9xstrQwH4v9A1PTSbhCn4AYsoFi4Xz
65536,27965,1,4,11355,0,1,0,216.087890625,216.017578125,0,11818,105,85,6137,443,media-typer,QmNd7JYJDQuCvHb6REcDoPMh2zmxEKSyNGYddnJ57JmpVi
131072,79728,1,3,0,3,2,4,218.056640625,217.986328125,124539,28538,21836,85,17627,2109,type-is,QmPHyVbBziPP9DPFTgRWi1e2sTRySVRFnw6dZs46Hs6dMs
262144,169691,1,2,0,9,1,39,218.056640625,217.986328125,250309,61943,65294,85,29053,3767,body-parser,QmW1gZvBS19EQt3vpHyCxKJUydrakkdUAtrea2Jfotfnie
65536,27981,1,2,10804,0,1,0,216.087890625,216.017578125,0,11834,105,85,6137,443,content-disposition,Qmbb7BDKBPyqFurHF9Su1pSQPBGmpFgNHspsvJZev4dFyv
65536,27758,1,2,11395,0,1,0,216.087890625,216.017578125,0,11611,105,85,6137,443,cookie-signature,QmdkjcnRuWCpkxMKAX7H1npAmfPR8K2JrewzzevaWYz1rn
65536,27753,1,2,10959,0,1,0,216.087890625,216.017578125,0,11606,105,85,6137,443,cookie,QmWQVFmvsdQGJZik1miuq2SeSFwF1eWWWTuSuJJ6gp4WgL
65536,27944,1,4,10596,0,4,0,216.087890625,216.017578125,0,11797,105,85,6137,443,encodeurl,QmWWDCkAer6QiCPU3svfPz2zDf84QbCpiHYp2cHgfxQgrK
65536,27965,1,4,11076,0,4,0,216.087890625,216.017578125,0,11818,105,85,6137,443,escape-html,QmcGiEPYKKWdsPpSkCkTD82dNMrDuUGj1yHtC6HUon1rjj
65536,27766,1,4,11390,0,2,0,216.087890625,216.017578125,0,11619,105,85,6137,443,etag,QmZWVfebDLubYPPxPAf328gfb6EPGsiXhYqx1X4BJYpZ8H
65536,27741,1,3,11259,0,4,0,216.087890625,216.017578125,0,11594,105,85,6137,443,parseurl,QmbwKoL4RKMXmkgx6Cb4r95DePocAr2vjfFz12sJBqVDoK
262144,124540,1,2,0,6,1,8,218.056640625,217.986328125,231946,45063,43565,85,23340,2938,finalhandler,QmbmNMRkxS36wvq7HjtLcDuiWhf7kyiTFH7poWmZP7kUjQ
65536,27968,1,4,10833,0,2,0,216.087890625,216.017578125,0,11821,105,85,6137,443,fresh,QmUEtpxmkLdDzpN63wHT4YTCSEWYrDyYoQJTFznVtVr8FA
65536,27961,1,2,11101,0,1,0,216.087890625,216.017578125,0,11814,105,85,6137,443,merge-descriptors,QmQctvqkD7w4MUefhRmyai62QEWBsuvjnyWgUFrq3riktt
65536,27753,1,3,11596,0,1,0,216.087890625,216.017578125,0,11606,105,85,6137,443,wrappy,QmRq6TzFhdGWENaAe5FJfYKQhRAtVtogi8RQLrhQ1wQFNi
131072,47369,1,2,0,1,1,1,218.056640625,217.986328125,72031,17216,7350,85,11914,1280,once,Qmcy6XJqvCE1eSWb3C1p2BehkSW6d4MvvevgyREznA8Kpf
65536,27944,1,3,11128,0,1,0,216.087890625,216.017578125,0,11797,105,85,6137,443,forwarded,QmVhCocqb2Jq56m76WSAzwS88itjgJ5Q7LZousKqNbQhEY
65536,27944,1,3,10869,0,1,0,216.087890625,216.017578125,0,11797,105,85,6137,443,ipaddr.js,QmUNJXHadBc4aRYbX3u9JmPp6qcSUuvuG5LyUM6T65PiAG
131072,66700,1,2,0,2,1,2,218.056640625,217.986328125,108211,22779,14567,85,17627,2109,proxy-addr,Qmdi3EJokY3EufYK1nfK22ZtbzgfjXdjW4xZ75E1vcHC9y
65536,27783,1,4,11488,0,2,0,216.087890625,216.017578125,0,11636,105,85,6137,443,range-parser,QmQc5JsQuAi9VWyHdqNCTEvYnJLganoYF2iakbx3Zhkyk7
65536,27763,1,3,11235,0,1,0,216.087890625,216.017578125,0,11616,105,85,6137,443,is-promise,QmWrypbQkgXvt9vW27D2SLmnCh7w2GT94UL3xPq3h7U1oS
65536,27770,1,3,11385,0,1,0,216.087890625,216.017578125,0,11623,105,85,6137,443,path-to-regexp,QmX2Scu3EBUoKg6wdKsjyx6pX3v6PpVbc2JGGz48NoySXR
262144,111636,1,2,0,5,1,6,218.056640625,217.986328125,214521,39467,36257,85,23340,2938,router,Qma9bt313xwdaacMuTQuDTpYdEG4WiogFnUrbufsk3ci1Z
262144,195110,1,3,0,11,2,17,218.056640625,217.986328125,372459,72876,79780,85,29053,3767,send,QmRF3VtH5i4YzcJDx2xY5udi4gZWREpSVFsTq9Bxmrm2Ws
262144,98906,1,2,0,4,1,19,218.056640625,217.986328125,179905,33931,29079,85,23340,2938,serve-static,QmZwPQQ7RCQapE47XSjsn7MABuRp8g4yrh8PPqkVncRazv
65536,27766,1,2,11225,0,1,0,216.087890625,216.017578125,0,11619,105,85,6137,443,vary,QmQ3jE2qk28t32Hn87Ycwa8g6dYhuGqZHWAL4NANGRm7u4
524288,419627,1,1,0,28,1,64,218.056640625,217.986328125,837258,167688,202911,85,34766,4596,express,QmPWYy1Yfm6LDXGxXnaQUukvrSm5ZtFrUKqDZAcNeaWUxY
131072,47353,1,0,0,1,0,65,218.056640625,217.986328125,55907,17200,7350,85,11914,1280,express,QmeGvnc3E61y41HDWHnaCXQsJSXR6t9ejTzL69bssBuwbG
